ID_Uzorka;Dubina;Temperatura;pH_Vrijednost;Vlaga;Metan;Organske_molekule
1;6,9;-42,4;6,95;4,43;Negativno;Ne
2;6,9;-50,8;6,83;4,4;Pozitivno;Ne
3;11,3;-75,9;7,31;2,68;Negativno;Ne
4;1,8;-26,6;6,75;4,95;Negativno;Ne
5;1,2;-57,8;7,56;0,19;Negativno;Ne
6;14,8;-55,1;5,93;1,88;Negativno;Ne
7;4,7;-41,3;7,3;5,14;Negativno;Ne
8;5,5;-16,0;6,53;9,362707791080727;Pozitivno;Da
9;3,5;-43,0;6,76;5,33;Negativno;Ne
10;11,5;-84,3;7,1;2,73;Negativno;Ne
11;8,5;-27,9;6,67;1,83;Negativno;Ne
12;0,6;-41,5;6,69;2,73;Negativno;Ne
13;12,8;-38,5;7,07;4,52;Negativno;Ne
14;10,2;-55,6;6,5;2,12;Negativno;Ne
15;14,9;-76,9;6,6;4,84;Negativno;Ne
16;11,9;-19,8;6,35;2,17;Negativno;Ne
17;7,6;-42,1;6,66;2,77;Negativno;Ne
18;1,5;-49,5;6,54;2,85;Negativno;Ne
19;4,9;-56,6;6,34;2,69;Negativno;Ne
20;11,4;-43,1;8,02;2,1;Negativno;Ne
21;0,8;-49,1;7,89;5,23;Negativno;Da
22;12,6;-59,6;7,36;5,95;Negativno;Ne
23;3,9;-62,9;7,06;3,43;Negativno;Ne
24;9,0;-9,0;6,69;9,409766867554389;Pozitivno;Da
25;8,5;2,4;6,72;1,44;Negativno;Da
26;0,9;-13,9;6,55;4,742707791080727;Pozitivno;Da
27;3,0;-90,9;6,94;5,42;Negativno;Ne
28;8,8;-40,6;7,17;1,34;Negativno;Ne
29;5,4;-46,4;6,78;2,81;Negativno;Ne
30;12,9;-69,4;6,61;0,64;Negativno;Ne
31;10,1;-49,6;6,76;1,63;Negativno;Ne
32;4,7;-58,4;6,14;4,71;Negativno;Ne
33;4,5;-58,3;6,97;2,37;Negativno;Ne
34;12,8;-67,6;7,74;0,93;Negativno;Ne
35;7,8;-52,5;7,24;4,68;Negativno;Ne
36;5,9;-55,2;6,98;2,2;Negativno;Ne
37;7,5;-9,6;7,27;2,97;Negativno;Ne
38;10,6;-41,2;7,03;2,11;Pozitivno;Ne
39;4,4;-37,3;7,79;3,67;Negativno;Ne
40;14,8;-39,5;6,92;3,13;Negativno;Ne
41;2,7;-71,7;7,15;1,7;Negativno;Da
42;7,9;-8,4;7,6;8,172707791080727;Pozitivno;Da
43;0,7;-36,9;6,87;0,2;Negativno;Ne
44;1,9;-29,3;6,5;5,94;Negativno;Ne
45;13,5;-63,0;7,36;4,77;Negativno;Ne
46;5,0;-52,5;7,05;3,49;Negativno;Ne
47;8,0;-58,1;6,67;0,64;Negativno;Ne
48;8,4;-70,2;6,71;5,37;Negativno;Ne
49;0,2;-58,8;6,46;0,96;Negativno;Ne
50;14,4;-31,5;7,84;2,21;Negativno;Ne
51;4,2;-57,4;5,19;2,19;Negativno;Da
52;11,5;-63,9;6,76;1,6;Negativno;Ne
53;0,9;-54,4;6,94;1,97;Negativno;Ne
54;1,6;-70,2;6,36;0,44;Negativno;Ne
55;13,2;-63,8;5,99;3,66;Negativno;Ne
56;5,8;-46,6;7,58;4,18;Negativno;Ne
57;8,0;-56,9;7,71;3,9;Negativno;Ne
58;12,6;-46,8;7,36;5,33;Negativno;Ne
59;13,5;-56,2;8,18;1,43;Negativno;Ne
60;3,3;-27,3;6,84;0,54;Negativno;Ne
61;6,1;-57,5;7,7;3,58;Negativno;Ne
62;3,5;-39,0;6,66;1,19;Negativno;Ne
63;1,1;-38,8;7,45;0,99;Negativno;Ne
64;13,4;-59,3;6,01;0,41;Negativno;Ne
65;8,7;-76,1;6,5;3,59;Negativno;Ne
66;11,6;-59,9;7,76;5,72;Negativno;Ne
67;8,0;-39,1;6,95;1,98;Negativno;Ne
68;6,1;-42,0;5,93;3,54;Negativno;Ne
69;7,4;-24,2;7,5;5,9;Pozitivno;Ne
70;1,1;-45,6;6,3;3,11;Negativno;Ne
71;12,4;-49,3;6,65;2,94;Pozitivno;Ne
72;1,0;-69,8;7,06;1,82;Negativno;Ne
73;6,5;-64,1;7,69;4,79;Negativno;Ne
74;5,8;-53,3;7,27;4,84;Negativno;Ne
75;13,1;-63,3;7,16;2,53;Negativno;Da
76;12,7;-39,0;7,55;3,37;Negativno;Ne
77;2,8;-32,6;6,26;1,78;Negativno;Ne
78;7,4;-86,5;6,85;1,76;Negativno;Ne
79;11,4;-64,8;7,84;0,99;Negativno;Ne
80;10,6;-67,7;7,35;4,13;Negativno;Ne
81;1,6;-58,2;7,36;3,94;Negativno;Ne
82;9,6;-37,8;7,21;0,86;Negativno;Ne
83;11,6;-69,9;8,04;3,11;Negativno;Ne
84;10,8;-42,4;6,95;4,52;Negativno;Ne
85;1,1;-59,8;6,95;1,82;Negativno;Ne
86;7,9;-55,3;6,3;4,4;Negativno;Ne
87;4,1;-66,4;7,37;2,91;Negativno;Ne
88;2,7;-59,5;6,9;1,62;Negativno;Ne
89;5,3;-39,2;6,78;4,71;Pozitivno;Ne
90;12,5;-38,6;7,8;4,64;Negativno;Ne
91;13,5;-37,7;7,38;2,21;Negativno;Ne
92;1,7;-51,6;7,07;1,82;Negativno;Ne
93;12,6;-45,3;7,36;2,02;Negativno;Ne
94;6,3;-35,8;6,91;4,01;Negativno;Ne
95;3,5;-46,0;6,85;2,9;Pozitivno;Ne
96;6,3;-59,2;7,31;4,19;Negativno;Ne
97;13,2;-50,2;6,55;1,36;Negativno;Ne
98;5,6;-53,6;7,43;5,74;Negativno;Ne
99;14,2;-62,9;7,17;1,02;Negativno;Da
100;1,8;-41,8;6,97;2,18;Negativno;Ne
101;10,6;-55,0;6,49;4,62;Negativno;Ne
102;11,3;-50,6;6,29;4,97;Negativno;Ne
103;12,0;-45,8;7,44;2,65;Negativno;Ne
104;10,9;-60,7;7,19;4,41;Pozitivno;Ne
105;10,3;-54,4;7,73;4,19;Negativno;Ne
106;10,3;-60,4;7,15;3,16;Negativno;Ne
107;12,5;-42,8;6,55;1,47;Negativno;Ne
108;11,9;-51,5;6,83;3,37;Negativno;Ne
109;8,3;-48,4;7,5;2,14;Negativno;Ne
110;5,9;-55,3;5,38;0,4;Negativno;Ne
111;10,0;-69,0;6,22;3,29;Negativno;Ne
112;1,5;-53,0;7,07;1,96;Pozitivno;Ne
113;1,1;-60,4;7,09;5,5;Negativno;Ne
114;3,6;-90,9;8,06;4,8;Negativno;Ne
115;4,9;-56,8;7,28;2,92;Negativno;Ne
116;7,0;-33,7;7,26;0,35;Negativno;Ne
117;8,0;-39,5;8,12;0,68;Negativno;Ne
118;3,8;-47,1;7,42;0,2;Negativno;Ne
119;3,3;-42,4;7,59;2,81;Negativno;Ne
120;11,7;-49,9;6,3;3,62;Negativno;Da
121;5,7;-36,1;6,76;1,11;Negativno;Ne
122;8,7;-54,3;6,78;1,52;Negativno;Ne
123;8,8;-17,3;6,69;3,12;Negativno;Ne
124;7,9;-54,5;6,85;4,62;Negativno;Ne
125;2,8;-37,2;6,98;2,73;Negativno;Ne
126;6,8;-5,4;7,7;4,519766867554389;Pozitivno;Da
127;6,6;-48,5;7,14;4,29;Negativno;Ne
128;2,2;-6,9;6,02;4,629766867554388;Pozitivno;Da
129;1,3;-35,3;5,78;3,87;Negativno;Ne
130;3,9;-37,6;6,79;4,93;Negativno;Ne
131;2,7;-41,0;5,67;1,32;Negativno;Ne
132;0,1;-38,4;6,39;0,71;Negativno;Ne
133;6,0;-39,3;6,45;0,53;Negativno;Ne
134;0,3;-49,3;7,25;3,0;Negativno;Ne
135;11,7;-49,0;7,49;5,44;Negativno;Da
136;7,2;-49,9;7,13;3,53;Negativno;Ne
137;12,6;-50,3;7,66;4,51;Negativno;Ne
138;1,5;-51,9;6,96;5,7;Negativno;Ne
139;14,4;-53,7;6,59;0,93;Negativno;Ne
140;12,7;-53,5;7,13;4,77;Negativno;Ne
141;14,3;-71,3;6,8;0,52;Negativno;Ne
142;13,7;-38,9;7,12;6,0;Negativno;Ne
143;4,4;-40,6;6,9;2,18;Negativno;Ne
144;11,9;-74,4;7,11;3,15;Negativno;Ne
145;12,3;-63,0;6,74;5,61;Pozitivno;Ne
146;12,3;-39,5;7,22;0,87;Negativno;Ne
147;11,8;-69,8;7,34;5,86;Negativno;Ne
148;8,0;-61,2;7,52;3,75;Negativno;Ne
149;3,2;-18,7;7,33;4,5397668675543885;Pozitivno;Da
150;0,5;-58,1;6,73;3,5;Negativno;Ne
151;6,5;-58,9;6,63;3,4;Negativno;Ne
152;2,3;-64,7;7,12;4,78;Negativno;Ne
153;3,1;-47,7;7,43;4,31;Negativno;Ne
154;14,8;-42,5;7,58;4,75;Negativno;Ne
155;1,2;-26,4;6,94;4,45;Negativno;Ne
156;2,4;-37,6;7,43;2,79;Negativno;Ne
157;14,4;-49,5;6,98;2,9;Negativno;Ne
158;8,7;-84,0;7,72;4,37;Negativno;Ne
159;11,1;-45,7;6,78;0,63;Negativno;Ne
160;11,1;-58,6;7,77;5,12;Negativno;Ne
161;6,9;-43,6;7,22;1,95;Negativno;Ne
162;14,4;-38,7;6,64;2,24;Negativno;Da
163;14,7;-51,4;6,08;1,47;Negativno;Ne
164;12,9;-47,2;6,41;1,44;Negativno;Ne
165;13,7;-91,9;7,26;1,91;Negativno;Ne
166;4,3;-55,7;7,75;3,03;Negativno;Ne
167;14,3;-25,9;7,05;2,7;Negativno;Ne
168;15,0;-56,1;7,04;2,1;Negativno;Ne
169;11,3;-45,4;6,71;1,75;Negativno;Ne
170;5,3;-31,2;6,08;1,26;Negativno;Ne
171;1,0;-45,4;6,41;3,3;Negativno;Ne
172;0,4;-42,2;7,67;3,93;Negativno;Ne
173;4,7;-57,5;7,1;4,11;Negativno;Ne
174;0,2;-59,9;6,87;3,56;Negativno;Ne
175;3,0;-40,9;6,43;5,69;Negativno;Ne
176;2,0;-47,0;7,24;1,44;Negativno;Ne
177;5,8;-40,0;6,95;0,24;Negativno;Ne
178;12,0;-31,7;6,98;0,75;Pozitivno;Ne
179;5,3;-28,4;6,22;3,79;Negativno;Ne
180;2,2;-67,1;7,33;3,22;Negativno;Ne
181;6,3;-49,3;7,2;2,54;Negativno;Ne
182;6,7;-59,0;6,27;3,12;Negativno;Ne
183;12,5;-37,9;7,15;5,14;Negativno;Ne
184;10,4;-28,2;7,78;0,72;Negativno;Ne
185;13,5;-51,0;7,84;3,03;Negativno;Ne
186;2,6;-41,2;7,82;1,34;Negativno;Ne
187;2,5;-62,1;7,51;2,15;Negativno;Ne
188;8,2;-39,3;6,92;1,33;Negativno;Ne
189;0,7;-65,7;7,14;4,76;Pozitivno;Ne
190;0,2;-50,1;6,59;2,23;Negativno;Ne
191;0,6;-41,8;7,64;2,6;Negativno;Ne
192;1,1;-63,1;7,4;2,27;Negativno;Ne
193;13,0;-51,7;6,85;5,44;Negativno;Ne
194;10,3;-56,2;6,62;1,7;Negativno;Da
195;1,5;-12,4;7,22;6,382707791080727;Pozitivno;Da
196;3,8;-68,8;7,67;3,75;Negativno;Ne
197;8,1;-47,0;7,5;4,35;Negativno;Ne
198;9,7;-41,3;6,2;2,3;Negativno;Ne
199;5,9;-70,1;6,7;0,62;Negativno;Ne
200;12,5;-51,3;6,9;5,28;Negativno;Ne
201;3,5;-29,7;6,64;3,64;Negativno;Ne
202;11,4;-71,7;6,69;0,7;Negativno;Ne
203;5,2;-66,7;8,4;3,43;Negativno;Ne
204;12,9;-76,0;7,63;5,59;Negativno;Da
205;2,9;-34,1;7,28;1,62;Negativno;Ne
206;9,8;-64,6;6,6;5,62;Negativno;Ne
207;7,3;-57,4;7,53;2,18;Negativno;Ne
208;7,4;-37,4;7,36;2,58;Negativno;Ne
209;6,9;-65,2;7,53;2,81;Negativno;Ne
210;13,9;-26,1;6,92;2,26;Negativno;Ne
211;1,3;-69,8;7,46;3,85;Negativno;Ne
212;1,7;-58,8;7,06;3,47;Negativno;Ne
213;13,7;-56,1;7,56;3,85;Negativno;Ne
214;7,4;-72,4;7,41;5,94;Negativno;Ne
215;8,7;-51,6;7,16;2,28;Negativno;Ne
216;13,5;-71,0;5,79;3,78;Negativno;Da
217;3,8;-17,9;7,4;3,19;Negativno;Ne
218;5,3;-63,9;7,13;1,44;Negativno;Ne
219;8,4;-42,2;7,38;1,54;Negativno;Ne
220;5,8;-36,8;6,74;1,79;Negativno;Ne
221;0,6;-56,0;7,37;5,59;Negativno;Ne
222;3,5;-49,1;7,8;1,49;Negativno;Ne
223;10,5;-60,2;7,65;1,02;Pozitivno;Ne
224;7,6;-48,4;7,24;4,77;Negativno;Ne
225;13,1;-37,5;7,72;3,7;Negativno;Ne
226;8,5;-45,1;7,39;3,82;Negativno;Ne
227;6,8;-52,9;7,95;0,12;Negativno;Ne
228;4,9;-58,9;7,35;1,36;Negativno;Ne
229;11,4;-44,1;7,67;0,2;Negativno;Ne
230;12,1;-45,4;7,25;2,03;Negativno;Ne
231;7,0;-69,0;6,9;5,75;Negativno;Ne
232;12,0;-36,4;6,67;5,28;Negativno;Ne
233;9,5;-32,5;7,24;1,69;Negativno;Ne
234;1,1;-76,8;6,77;3,72;Negativno;Ne
235;13,2;-51,5;6,48;4,23;Negativno;Ne
236;2,9;-61,6;6,64;3,02;Negativno;Ne
237;2,2;-56,6;8,15;2,78;Negativno;Ne
238;3,7;-18,1;6,36;0,53;Negativno;Ne
239;6,8;150,0;-2,0;0,88;Pozitivno;Ne
240;8,7;-13,2;6,81;7,352707791080727;Pozitivno;Da
241;11,3;-56,7;7,06;1,33;Negativno;Ne
242;2,4;-33,3;6,85;5,37;Negativno;Ne
243;12,6;-66,1;7,59;1,03;Negativno;Ne
244;2,4;-40,7;6,64;1,13;Negativno;Ne
245;1,8;-59,1;7,08;3,38;Negativno;Ne
246;4,7;-48,1;7,19;4,12;Negativno;Ne
247;7,0;-51,7;6,21;1,95;Negativno;Ne
248;12,3;-55,3;6,81;5,72;Negativno;Ne
249;10,5;-62,1;7,12;4,6;Negativno;Ne
250;8,6;-56,3;6,0;0,1;Negativno;Ne
251;14,9;-52,1;6,33;4,86;Negativno;Ne
252;14,3;-33,2;7,1;5,48;Negativno;Ne
253;9,3;-68,3;6,49;5,88;Negativno;Ne
254;12,5;-61,0;7,16;5,51;Negativno;Ne
255;6,5;-58,7;7,09;5,99;Negativno;Ne
256;5,6;-49,2;6,86;5,56;Negativno;Ne
257;13,0;-50,9;6,92;3,24;Negativno;Ne
258;3,2;-95,2;6,42;3,17;Negativno;Ne
259;0,3;-57,4;7,39;1,37;Negativno;Ne
260;0,6;-31,4;6,95;0,97;Negativno;Ne
261;2,6;-20,7;6,61;0,17;Negativno;Ne
262;4,7;-50,9;7,08;1,89;Negativno;Da
263;8,2;-14,5;7,29;4,5397668675543885;Pozitivno;Da
264;0,3;-49,3;6,55;3,17;Negativno;Ne
265;11,1;-51,5;6,58;4,14;Negativno;Ne
266;6,8;-15,7;7,08;9,109766867554388;Pozitivno;Da
267;2,2;-48,4;7,04;2,16;Negativno;Ne
268;6,5;-43,5;7,62;1,81;Negativno;Ne
269;9,6;-18,7;6,49;1,29;Negativno;Ne
270;6,0;-39,8;7,67;1,72;Negativno;Ne
271;12,7;-48,5;7,94;5,37;Negativno;Ne
272;10,3;-43,5;7,51;3,42;Negativno;Ne
273;14,3;-62,2;6,54;3,93;Negativno;Ne
274;2,9;-37,6;6,18;2,62;Negativno;Ne
275;13,5;-49,9;7,04;4,58;Negativno;Ne
276;6,6;-84,0;6,61;1,04;Negativno;Ne
277;2,3;-27,8;6,24;0,68;Negativno;Ne
278;7,1;-20,6;7,77;3,11;Negativno;Ne
279;13,8;-32,6;7,13;3,02;Negativno;Ne
280;12,1;-65,1;7,14;3,62;Negativno;Ne
281;8,4;-49,4;7,46;2,16;Negativno;Ne
282;1,2;-28,0;6,51;1,92;Negativno;Ne
283;1,5;-9,1;6,65;9,379766867554387;Pozitivno;Da
284;9,8;-91,1;7,05;0,84;Negativno;Ne
285;2,6;-19,3;7,47;3,91;Negativno;Ne
286;10,0;-18,1;7,26;1,04;Negativno;Ne
287;14,9;-82,8;7,6;0,27;Negativno;Ne
288;10,7;-52,6;6,56;5,01;Negativno;Da
289;10,6;-40,2;6,26;1,3;Pozitivno;Ne
290;2,9;-39,4;6,91;3,02;Negativno;Ne
291;7,9;-54,3;7,0;0,18;Negativno;Ne
292;5,2;-65,0;7,93;2,53;Negativno;Ne
293;9,5;-34,2;7,35;0,7;Negativno;Ne
294;14,4;-44,6;6,63;5,13;Negativno;Ne
295;2,6;-34,1;7,76;5,45;Negativno;Ne
296;1,0;-50,5;6,65;4,7;Negativno;Ne
297;0,2;-54,5;7,12;1,25;Negativno;Ne
298;10,0;-56,2;7,76;3,83;Negativno;Ne
299;13,7;-31,2;5,94;5,71;Negativno;Ne
300;9,5;-60,3;7,17;3,87;Negativno;Ne
301;10,3;-50,8;7,84;0,72;Negativno;Ne
302;9,9;-30,9;6,89;3,05;Negativno;Ne
303;13,0;-31,0;6,83;2,7;Negativno;Ne
304;0,3;-50,7;7,05;5,57;Negativno;Da
305;2,6;-55,3;8,08;3,23;Negativno;Ne
306;5,9;-52,8;6,59;0,97;Negativno;Ne
307;14,8;-49,9;7,5;4,02;Pozitivno;Ne
308;5,9;-21,3;7,25;0,24;Negativno;Ne
309;12,2;-31,4;7,32;1,61;Negativno;Ne
310;14,5;-81,9;6,6;4,08;Negativno;Ne
311;9,9;-56,0;7,45;2,02;Negativno;Ne
312;0,6;-75,7;6,75;2,65;Negativno;Ne
313;7,4;-44,5;7,43;2,05;Negativno;Ne
314;10,9;-47,7;7,77;4,8;Negativno;Ne
315;1,2;-29,0;6,34;3,52;Negativno;Ne
316;13,2;-15,9;7,3;3,23;Negativno;Ne
317;13,5;-67,7;7,33;2,57;Negativno;Ne
318;7,6;-57,6;8,33;5,58;Negativno;Ne
319;11,9;-9,2;7,41;7,742707791080727;Pozitivno;Da
320;7,4;-60,3;7,61;5,77;Negativno;Ne
321;2,2;-61,3;6,69;1,31;Negativno;Ne
322;13,0;-48,4;6,12;2,04;Pozitivno;Ne
323;7,4;-80,1;6,82;2,71;Negativno;Ne
324;11,5;-34,5;6,2;1,68;Negativno;Ne
325;10,7;-52,1;7,93;1,21;Negativno;Ne
326;2,0;-68,4;7,24;5,14;Negativno;Ne
327;9,1;-61,3;6,53;4,41;Negativno;Ne
328;0,2;-49,1;7,94;3,82;Negativno;Ne
329;8,6;-72,0;6,37;4,9;Negativno;Ne
330;13,2;-44,7;7,26;0,36;Negativno;Ne
331;11,8;-11,3;6,99;4,422707791080727;Pozitivno;Da
332;12,2;-25,4;7,04;4,12;Negativno;Ne
333;12,8;-30,9;7,41;3,47;Negativno;Ne
334;2,7;-63,3;6,41;2,72;Negativno;Ne
335;10,3;-14,0;7,12;5,382707791080727;Pozitivno;Da
336;4,6;-70,4;7,3;1,58;Negativno;Ne
337;6,5;-30,7;7,3;0,71;Negativno;Ne
338;14,2;-63,4;6,81;5,46;Negativno;Ne
339;14,3;-55,8;6,94;2,21;Negativno;Ne
340;14,3;-59,6;6,57;0,7;Negativno;Ne
341;12,3;-18,2;8,34;0,44;Negativno;Ne
342;2,4;-44,5;6,91;3,38;Negativno;Ne
343;10,2;-33,3;5,88;2,06;Negativno;Ne
344;6,9;-43,6;6,65;4,08;Pozitivno;Ne
345;5,4;-53,7;7,48;4,71;Negativno;Ne
346;5,9;-66,9;7,37;4,61;Negativno;Ne
347;8,5;-36,6;6,42;2,51;Negativno;Ne
348;1,0;-38,6;6,77;3,85;Negativno;Ne
349;5,8;-66,7;7,14;5,51;Negativno;Ne
350;12,0;-69,6;7,05;1,97;Pozitivno;Ne
351;10,0;-51,5;7,59;0,17;Negativno;Ne
352;11,7;-50,2;6,7;3,08;Negativno;Ne
353;8,7;-54,0;7,61;0,34;Negativno;Ne
354;3,4;-67,8;7,09;1,56;Negativno;Ne
355;12,4;-64,2;6,75;4,78;Negativno;Ne
356;7,3;-46,2;6,96;0,15;Negativno;Ne
357;10,6;-60,7;6,23;4,72;Negativno;Ne
358;9,1;-44,2;6,93;5,25;Negativno;Ne
359;6,0;-29,2;7,39;3,55;Negativno;Ne
360;4,5;-36,9;8,16;2,5;Negativno;Ne
361;4,0;-42,4;7,03;4,0;Negativno;Ne
362;5,2;-62,8;5,98;5,3;Negativno;Ne
363;1,9;-48,7;6,92;1,27;Negativno;Ne
364;1,7;-60,5;6,58;3,13;Pozitivno;Ne
365;6,0;-31,1;7,68;2,34;Negativno;Ne
366;13,8;-59,7;6,65;2,35;Negativno;Ne
367;7,0;-45,1;6,62;2,11;Negativno;Ne
368;13,0;-57,6;7,6;0,94;Negativno;Ne
369;12,9;-37,3;7,05;0,13;Negativno;Ne
370;3,9;-40,1;6,58;4,77;Negativno;Ne
371;9,8;-47,6;7,53;4,44;Negativno;Da
372;4,0;-41,7;6,25;1,97;Negativno;Ne
373;13,3;-40,4;6,21;1,54;Negativno;Ne
374;1,2;-31,1;6,59;2,61;Negativno;Ne
375;7,8;-49,5;6,6;1,84;Pozitivno;Ne
376;8,8;-51,8;6,9;3,09;Negativno;Ne
377;5,9;-48,1;7,14;2,92;Negativno;Ne
378;10,0;-58,0;6,96;5,53;Pozitivno;Ne
379;9,9;-22,3;5,93;4,17;Negativno;Ne
380;12,7;-15,9;7,77;7,972707791080727;Pozitivno;Da
381;7,3;-30,8;6,74;2,36;Negativno;Ne
382;11,0;-41,9;6,88;2,0;Negativno;Ne
383;9,0;-55,1;7,07;0,54;Negativno;Ne
384;13,8;-61,6;6,95;3,95;Negativno;Ne
385;13,2;-33,0;6,54;2,85;Negativno;Ne
386;11,4;150,0;-2,0;3,48;Pozitivno;Ne
387;6,8;-51,8;7,27;1,16;Negativno;Ne
388;4,5;-60,1;7,64;2,61;Negativno;Ne
389;5,0;-59,4;7,29;5,37;Negativno;Ne
390;13,9;-46,3;6,35;3,51;Negativno;Ne
391;6,0;-54,1;6,68;4,49;Negativno;Ne
392;13,0;-18,4;6,59;8,692707791080727;Pozitivno;Da
393;10,3;-33,9;7,48;0,34;Negativno;Ne
394;1,7;-47,4;7,56;4,27;Negativno;Ne
395;2,6;-94,1;6,84;1,42;Negativno;Ne
396;5,7;-43,4;6,69;3,01;Negativno;Ne
397;10,6;-28,4;7,92;3,09;Negativno;Ne
398;12,5;-38,9;6,28;0,86;Negativno;Ne
399;5,8;-67,0;6,48;4,49;Negativno;Ne
400;14,5;-52,8;7,0;4,12;Negativno;Ne
401;1,6;-53,1;7,29;2,77;Negativno;Ne
402;0,2;-19,7;6,15;6,219766867554389;Pozitivno;Da
403;12,3;-65,5;6,69;1,94;Negativno;Ne
404;9,2;-25,9;6,85;2,36;Negativno;Ne
405;5,2;-55,3;7,48;0,67;Negativno;Ne
406;4,8;-44,9;6,91;0,58;Negativno;Ne
407;5,4;-90,1;7,07;3,38;Negativno;Ne
408;3,3;-49,1;6,53;1,7;Negativno;Ne
409;14,9;-53,6;7,31;1,3;Negativno;Ne
410;2,1;-64,6;7,27;4,99;Negativno;Ne
411;4,2;-79,2;6,21;2,31;Negativno;Ne
412;1,8;-73,6;7,13;4,86;Negativno;Ne
413;3,4;-27,7;6,74;4,66;Negativno;Ne
414;7,1;-63,6;7,17;1,55;Negativno;Ne
415;3,5;-49,4;7,29;5,55;Negativno;Ne
416;11,1;-70,8;7,36;2,46;Negativno;Ne
417;13,4;-68,4;7,35;3,18;Negativno;Ne
418;2,7;-61,8;7,25;0,44;Negativno;Ne
419;10,0;-29,3;6,82;4,22;Negativno;Ne
420;2,4;-91,5;6,43;5,28;Negativno;Ne
421;8,4;-15,4;6,69;4,09;Negativno;Ne
422;1,9;-24,8;7,23;1,1;Pozitivno;Ne
423;1,8;-22,9;6,72;1,12;Negativno;Ne
424;10,9;-65,1;5,91;3,59;Pozitivno;Ne
425;1,9;-41,2;6,93;4,91;Negativno;Ne
426;6,7;-31,7;7,47;3,96;Negativno;Ne
427;13,4;-31,6;7,3;4,1;Negativno;Ne
428;7,0;-58,0;7,84;0,49;Negativno;Ne
429;3,9;-61,8;7,57;1,33;Negativno;Ne
430;14,1;-69,3;7,09;2,69;Negativno;Ne
431;11,2;-63,1;6,41;0,48;Negativno;Ne
432;6,4;-36,6;7,46;2,96;Negativno;Ne
433;4,6;-57,3;6,23;0,81;Pozitivno;Ne
434;14,5;-44,7;6,28;0,8;Negativno;Ne
435;12,3;-27,6;7,05;3,34;Negativno;Ne
436;1,9;-65,4;7,22;2,65;Negativno;Ne
437;7,7;150,0;-2,0;0,41;Pozitivno;Ne
438;12,5;-61,5;6,1;1,6;Negativno;Ne
439;11,3;-51,3;6,7;2,85;Negativno;Ne
440;8,9;-29,2;6,23;5,87;Negativno;Ne
441;0,8;-52,9;7,08;1,09;Negativno;Ne
442;1,9;-36,7;6,95;4,18;Negativno;Ne
443;11,9;-58,8;7,1;5,25;Negativno;Ne
444;3,4;-55,8;6,66;5,58;Negativno;Ne
445;1,2;-57,5;6,79;0,79;Negativno;Ne
446;13,5;-45,1;5,74;5,97;Negativno;Ne
447;3,2;-39,0;8,09;1,3;Negativno;Ne
448;1,9;-47,1;6,2;1,27;Negativno;Ne
449;5,8;-27,9;7,5;5,32;Negativno;Ne
450;1,5;-59,9;7,37;0,46;Negativno;Ne
451;13,7;-58,9;7,61;4,24;Negativno;Ne
452;4,1;-63,3;6,88;1,58;Negativno;Ne
453;7,5;-59,7;6,54;5,95;Negativno;Ne
454;14,0;-16,8;7,13;2,24;Negativno;Ne
455;2,4;-61,3;6,57;0,85;Negativno;Ne
456;4,9;-43,6;7,11;2,63;Negativno;Ne
457;14,0;-37,4;7,46;0,42;Negativno;Ne
458;12,2;-59,4;7,33;4,05;Negativno;Ne
459;5,5;-60,5;7,42;5,64;Pozitivno;Ne
460;1,0;-75,0;7,54;1,24;Negativno;Ne
461;2,9;-68,3;7,17;4,13;Negativno;Ne
462;12,8;-52,2;7,11;3,47;Negativno;Ne
463;11,8;-10,5;7,34;5,622707791080727;Pozitivno;Da
464;12,2;-49,5;7,64;2,83;Negativno;Ne
465;5,0;-61,8;7,2;2,53;Negativno;Ne
466;12,2;-32,8;6,76;4,23;Negativno;Ne
467;6,0;-42,8;6,37;5,56;Negativno;Ne
468;3,2;-30,2;6,0;1,53;Negativno;Ne
469;5,4;-43,8;6,68;4,31;Pozitivno;Ne
470;14,5;-72,0;7,55;0,28;Pozitivno;Ne
471;6,8;-60,7;6,68;1,75;Negativno;Ne
472;5,2;-56,4;6,47;3,48;Negativno;Ne
473;3,0;-49,4;6,61;0,79;Negativno;Ne
474;5,3;-35,3;7,24;3,04;Negativno;Ne
475;6,1;-46,8;7,4;3,39;Negativno;Ne
476;8,8;-57,9;7,47;5,67;Negativno;Ne
477;12,6;-36,1;6,85;2,48;Negativno;Ne
478;6,1;-32,0;6,88;5,5;Negativno;Ne
479;13,7;-59,1;7,15;0,43;Negativno;Ne
480;7,1;-46,1;7,46;4,71;Negativno;Ne
481;6,4;-54,4;6,75;4,09;Negativno;Ne
482;0,8;-38,7;6,62;2,01;Negativno;Ne
483;5,9;-47,7;6,64;0,41;Negativno;Ne
484;3,9;-30,3;6,25;5,7;Negativno;Ne
485;10,7;-62,9;6,79;5,96;Negativno;Ne
486;13,6;-81,0;7,2;1,65;Negativno;Ne
487;4,0;-26,4;7,41;1,84;Negativno;Ne
488;6,5;-58,5;6,46;2,94;Negativno;Ne
489;3,5;-22,7;7,32;0,27;Negativno;Ne
490;12,3;-58,8;6,52;3,76;Negativno;Ne
491;8,8;-68,4;6,77;1,15;Negativno;Ne
492;0,4;-45,1;7,4;4,18;Negativno;Ne
493;13,8;-41,5;7,95;1,35;Negativno;Ne
494;2,4;-32,7;6,56;0,38;Negativno;Ne
495;3,7;-50,5;6,98;2,57;Negativno;Ne
496;13,5;-62,8;7,03;2,83;Negativno;Ne
497;13,1;-69,0;6,89;5,66;Negativno;Ne
498;2,7;-56,7;7,09;4,73;Negativno;Ne
499;2,8;-31,8;6,77;3,26;Negativno;Ne
500;7,2;-49,9;6,33;2,43;Negativno;Ne
501;7,8;-63,8;6,48;4,83;Negativno;Ne
502;3,3;-47,0;7,62;1,85;Negativno;Ne
503;2,3;-60,5;6,77;1,44;Negativno;Ne
504;6,2;-38,9;5,97;1,28;Negativno;Ne
505;11,0;-28,2;8,0;4,83;Negativno;Ne
506;12,8;-32,1;7,57;1,87;Negativno;Ne
507;1,2;-40,9;7,13;4,25;Negativno;Ne
508;12,3;-72,1;6,56;0,31;Negativno;Ne
509;0,8;-67,5;7,19;1,53;Negativno;Ne
510;5,6;-86,0;6,94;5,19;Negativno;Ne
511;5,3;-43,0;7,67;5,28;Negativno;Ne
512;6,0;-46,9;6,35;1,62;Negativno;Ne
513;10,6;-6,8;7,6;1,08;Negativno;Ne
514;8,9;-56,1;7,03;4,94;Negativno;Ne
515;4,0;-63,3;6,74;4,61;Negativno;Ne
516;14,2;-45,3;6,52;4,37;Negativno;Da
517;5,2;-5,5;6,84;5,699766867554389;Pozitivno;Da
518;11,5;-40,6;6,99;1,12;Negativno;Ne
519;12,6;-18,7;6,5;5,729766867554389;Pozitivno;Da
520;13,9;-52,3;6,65;4,57;Negativno;Ne
521;7,4;150,0;-2,0;2,05;Pozitivno;Ne
522;12,2;-60,1;6,93;2,57;Negativno;Ne
523;5,5;-43,0;7,1;5,74;Negativno;Ne
524;9,8;-54,3;7,08;0,47;Pozitivno;Ne
525;11,7;-41,5;6,76;5,57;Negativno;Ne
526;6,1;-83,8;7,99;0,54;Negativno;Ne
527;1,3;-16,5;6,12;1,86;Negativno;Ne
528;14,3;-32,4;6,64;5,25;Negativno;Ne
529;2,3;-55,2;6,89;3,83;Negativno;Ne
530;3,0;-34,7;7,44;5,51;Negativno;Ne
531;2,0;-41,0;6,26;0,9;Negativno;Ne
532;2,4;-36,8;7,21;2,72;Pozitivno;Ne
533;9,1;-47,3;7,83;2,52;Negativno;Ne
534;5,6;-53,4;7,91;0,77;Negativno;Ne
535;14,0;-58,6;7,32;4,96;Pozitivno;Ne
536;0,3;-44,7;7,26;2,6;Negativno;Ne
537;14,1;-35,6;6,7;3,54;Negativno;Ne
538;3,4;-73,6;6,96;1,71;Negativno;Ne
539;11,6;-9,7;7,44;4,95;Negativno;Ne
540;3,2;-50,5;7,03;2,52;Negativno;Ne
541;8,0;-50,1;6,57;4,17;Negativno;Ne
542;14,7;-62,0;7,78;4,46;Negativno;Ne
543;4,0;-29,0;6,58;5,51;Negativno;Ne
544;0,6;-38,7;6,71;2,88;Negativno;Ne
545;14,9;-61,1;6,68;1,4;Negativno;Ne
546;14,0;-34,6;6,88;5,38;Negativno;Ne
547;8,9;-39,2;6,52;1,01;Negativno;Ne
548;11,2;-44,2;6,52;1,36;Negativno;Ne
549;2,3;-42,6;6,62;5,77;Pozitivno;Ne
550;9,9;-62,5;6,82;2,64;Negativno;Ne
551;0,8;-37,8;6,3;3,12;Negativno;Ne
552;14,5;-64,1;6,51;5,85;Negativno;Ne
553;10,1;-79,6;6,81;3,43;Negativno;Ne
554;10,7;-54,5;7,91;4,83;Negativno;Ne
555;12,3;-43,7;7,37;2,86;Negativno;Ne
556;7,2;-74,2;7,3;5,5;Negativno;Ne
557;6,4;-45,6;6,13;3,58;Negativno;Ne
558;13,7;-40,1;7,38;2,35;Negativno;Ne
559;3,0;-24,5;6,35;4,37;Negativno;Ne
560;12,4;-51,8;6,65;4,17;Negativno;Ne
561;9,4;-45,5;7,53;1,11;Negativno;Ne
562;9,6;-38,2;7,14;3,52;Negativno;Ne
563;9,4;-42,1;7,28;2,47;Pozitivno;Ne
564;5,4;-48,8;6,9;5,51;Negativno;Ne
565;7,9;-40,6;5,76;5,42;Negativno;Ne
566;2,6;-69,5;7,54;3,19;Negativno;Ne
567;5,6;-41,4;6,95;0,18;Negativno;Ne
568;6,9;-40,7;6,98;5,35;Negativno;Ne
569;10,8;-78,6;6,78;3,55;Negativno;Ne
570;2,6;-29,0;6,13;5,02;Negativno;Ne
571;5,0;-36,9;6,52;3,09;Negativno;Ne
572;9,3;-35,8;7,64;0,25;Negativno;Ne
573;13,7;-53,7;7,66;2,19;Negativno;Ne
574;14,6;-65,2;8,01;1,85;Negativno;Ne
575;13,2;-33,9;7,11;3,63;Negativno;Ne
576;7,9;-42,4;6,49;0,47;Negativno;Ne
577;13,9;150,0;-2,0;0,89;Pozitivno;Ne
578;13,1;-51,9;6,79;3,17;Negativno;Ne
579;6,1;-49,1;6,61;2,51;Pozitivno;Ne
580;4,7;-49,3;6,68;5,74;Negativno;Ne
581;3,4;-73,4;6,95;0,15;Negativno;Ne
582;0,3;-38,5;6,51;2,48;Negativno;Ne
583;8,8;-59,8;7,82;3,33;Pozitivno;Ne
584;7,7;-45,1;7,87;1,17;Negativno;Ne
585;10,4;-35,9;7,35;3,57;Negativno;Ne
586;6,0;-57,9;6,88;2,47;Negativno;Ne
587;0,3;-63,8;6,6;2,34;Negativno;Ne
588;4,1;-81,8;7,27;1,48;Negativno;Ne
589;12,1;-66,6;7,27;1,7;Negativno;Ne
590;2,3;-81,1;7,11;3,7;Negativno;Ne
591;2,0;-12,3;7,94;2,7;Negativno;Ne
592;12,0;-31,8;6,21;0,33;Pozitivno;Ne
593;9,7;-62,8;7,12;0,14;Negativno;Da
594;12,8;-22,8;7,47;5,31;Negativno;Da
595;5,8;-33,3;8,04;1,69;Negativno;Ne
596;4,6;-55,5;7,55;0,22;Negativno;Ne
597;14,4;-59,1;7,29;4,06;Negativno;Ne
598;0,3;-42,8;6,35;3,33;Negativno;Ne
599;9,3;-73,5;6,84;5,79;Negativno;Ne
600;12,3;-14,2;6,14;3,752707791080727;Pozitivno;Da
601;10,1;-46,1;7,09;1,25;Negativno;Ne
602;12,0;-49,3;7,05;5,83;Negativno;Ne
603;0,9;-46,8;7,26;5,62;Negativno;Ne
604;5,9;-40,9;7,01;1,8;Negativno;Ne
605;1,7;-23,2;7,37;1,34;Negativno;Ne
606;9,4;-44,3;6,49;1,36;Negativno;Ne
607;3,6;-69,5;7,14;1,47;Negativno;Ne
608;4,4;-71,9;7,5;3,22;Negativno;Ne
609;12,3;-55,0;6,85;0,88;Negativno;Ne
610;7,8;-62,3;6,57;0,92;Negativno;Ne
611;5,1;-34,1;7,2;1,73;Negativno;Ne
612;9,2;-36,2;7,99;5,9;Negativno;Ne
613;4,4;-5,6;6,33;6,095343075889023;Pozitivno;Da
614;11,3;-61,5;7,65;1,99;Negativno;Ne
615;0,2;-51,4;6,52;2,12;Negativno;Ne
616;2,9;-48,2;8,02;4,73;Negativno;Ne
617;3,7;-51,3;7,09;5,72;Negativno;Ne
618;3,2;-57,2;6,6;1,96;Negativno;Ne
619;4,7;-52,8;8,05;2,1;Negativno;Ne
620;3,4;-34,6;6,48;2,39;Negativno;Ne
621;1,0;-28,0;7,67;0,25;Negativno;Ne
622;9,2;-55,1;7,4;3,76;Negativno;Ne
623;0,6;-40,2;6,41;0,22;Negativno;Ne
624;14,7;-44,2;6,22;2,49;Negativno;Ne
625;6,0;-43,2;7,17;5,24;Negativno;Ne
626;9,3;-44,4;7,38;0,3;Negativno;Ne
627;5,5;-60,9;6,24;2,2;Negativno;Ne
628;9,7;-79,3;7,15;2,63;Negativno;Ne
629;8,1;-39,1;5,86;4,71;Negativno;Ne
630;3,4;-95,5;7,19;2,31;Negativno;Da
631;4,9;-40,0;7,01;3,33;Negativno;Ne
632;11,3;-54,1;7,66;5,74;Negativno;Ne
633;8,9;-44,2;6,91;2,29;Negativno;Ne
634;7,5;-50,9;6,82;0,69;Negativno;Ne
635;12,7;-70,2;6,43;3,39;Negativno;Ne
636;3,9;-39,8;7,34;1,73;Negativno;Ne
637;1,2;-51,2;6,84;2,37;Negativno;Ne
638;7,1;-20,3;6,73;2,98;Negativno;Ne
639;6,1;-53,1;6,79;0,7;Negativno;Ne
640;5,6;-63,0;5,78;5,68;Negativno;Ne
641;4,7;-34,6;6,22;2,57;Negativno;Ne
642;14,1;-46,5;6,7;2,3;Negativno;Ne
643;3,2;-48,2;7,18;4,17;Negativno;Ne
644;9,8;-39,6;7,18;2,57;Negativno;Ne
645;6,1;-39,8;6,2;2,62;Negativno;Ne
646;5,7;-53,5;7,23;1,44;Negativno;Ne
647;12,8;-76,6;6,42;2,72;Negativno;Ne
648;9,8;-58,9;6,88;4,94;Negativno;Ne
649;3,7;-62,7;7,24;4,04;Negativno;Ne
650;8,2;-39,2;7,25;5,5;Negativno;Ne
651;12,2;-37,2;7,19;3,25;Negativno;Ne
652;1,1;-69,2;6,69;4,65;Pozitivno;Ne
653;10,5;-58,0;6,09;0,14;Negativno;Ne
654;2,4;-53,6;6,89;1,51;Negativno;Ne
655;5,2;-50,1;7,26;4,25;Pozitivno;Ne
656;3,2;-50,7;7,41;2,08;Negativno;Ne
657;3,7;-46,7;6,45;5,4;Negativno;Ne
658;5,0;-56,4;7,46;5,42;Negativno;Ne
659;2,0;-40,0;6,7;3,56;Negativno;Da
660;1,6;-37,8;6,34;1,59;Negativno;Ne
661;11,3;-73,7;6,71;0,22;Negativno;Ne
662;5,9;-51,2;7,29;1,5;Negativno;Ne
663;0,7;-41,4;6,95;2,38;Negativno;Ne
664;8,9;-53,5;7,28;2,42;Negativno;Ne
665;5,8;-69,1;7,61;3,78;Negativno;Ne
666;7,3;-37,9;7,53;1,76;Negativno;Ne
667;3,3;-35,0;8,27;3,1;Negativno;Ne
668;2,4;-55,3;7,01;2,25;Negativno;Ne
669;10,6;-41,3;7,54;4,89;Negativno;Ne
670;9,4;-50,8;7,8;4,67;Negativno;Da
671;8,7;-18,9;7,46;7,945343075889022;Pozitivno;Da
672;2,7;-39,0;7,54;5,38;Negativno;Ne
673;11,8;-66,4;6,45;0,27;Negativno;Ne
674;7,0;-46,2;6,97;1,89;Negativno;Ne
675;0,5;-69,6;6,89;0,99;Negativno;Ne
676;8,2;-51,2;6,92;0,55;Negativno;Ne
677;2,9;-56,3;7,05;1,79;Negativno;Ne
678;14,0;-42,2;6,23;1,2;Negativno;Da
679;11,2;-61,3;6,86;3,55;Negativno;Ne
680;11,9;-44,2;7,77;2,72;Negativno;Ne
681;12,7;-70,5;7,77;3,04;Negativno;Ne
682;6,1;-40,2;6,35;2,22;Pozitivno;Ne
683;0,5;-72,8;7,16;3,7;Negativno;Ne
684;3,7;-39,7;7,76;2,1;Negativno;Ne
685;1,0;-60,6;6,27;3,98;Negativno;Ne
686;7,2;-44,6;7,34;3,54;Negativno;Ne
687;10,4;-60,5;7,3;1,55;Negativno;Ne
688;0,2;-35,8;7,25;4,7;Negativno;Ne
689;13,4;-62,9;7,0;0,21;Negativno;Ne
690;5,8;-49,0;7,93;0,92;Negativno;Ne
691;11,5;-18,9;6,76;2,55;Negativno;Ne
692;3,1;-13,4;6,92;7,582707791080727;Pozitivno;Da
693;2,5;-57,2;6,74;5,99;Negativno;Ne
694;8,7;-38,3;7,67;1,61;Negativno;Ne
695;7,9;-49,2;6,91;2,93;Negativno;Ne
696;2,4;-47,1;6,32;0,27;Negativno;Ne
697;10,2;-62,3;7,37;4,09;Negativno;Ne
698;3,7;-50,2;6,44;5,58;Negativno;Ne
699;7,1;-52,5;6,97;4,41;Pozitivno;Ne
700;3,0;-54,0;6,72;3,48;Negativno;Ne
701;3,7;-70,9;6,79;5,22;Negativno;Ne
702;0,5;-38,6;6,92;0,53;Negativno;Ne
703;13,2;-79,8;7,0;1,23;Negativno;Ne
704;3,9;-57,0;6,8;0,27;Negativno;Ne
705;12,7;-30,6;7,24;2,68;Negativno;Ne
706;4,4;-52,0;6,53;0,76;Negativno;Ne
707;7,8;-52,5;6,77;0,52;Negativno;Ne
708;11,1;-36,2;6,68;4,87;Pozitivno;Ne
709;3,5;-43,3;6,69;3,69;Negativno;Ne
710;8,8;-78,2;6,71;1,39;Negativno;Ne
711;9,3;-60,3;7,39;3,67;Negativno;Ne
712;4,9;-65,6;7,8;2,12;Negativno;Ne
713;5,2;-28,1;7,78;5,11;Negativno;Ne
714;5,4;-20,3;6,9;1,37;Negativno;Ne
715;12,6;-52,7;7,74;2,68;Pozitivno;Ne
716;7,0;-39,6;6,32;1,21;Negativno;Ne
717;3,1;-48,9;7,73;0,66;Negativno;Ne
718;10,7;-66,4;6,27;1,39;Negativno;Ne
719;8,2;-34,2;7,37;2,66;Pozitivno;Ne
720;2,5;-33,4;6,89;2,24;Negativno;Ne
721;14,1;-36,5;6,42;5,38;Negativno;Ne
722;14,2;-17,0;6,33;8,925343075889023;Pozitivno;Da
723;7,7;-41,8;7,23;3,68;Negativno;Ne
724;2,2;-85,9;6,15;2,97;Negativno;Ne
725;0,3;-61,3;7,42;3,25;Negativno;Ne
726;7,9;-52,7;7,38;4,14;Negativno;Ne
727;0,8;-39,7;6,69;1,41;Negativno;Ne
728;12,2;-85,8;7,14;0,47;Negativno;Ne
729;12,1;-63,3;6,73;1,77;Negativno;Ne
730;1,4;-62,8;6,99;3,28;Negativno;Ne
731;12,1;-66,7;6,48;4,96;Negativno;Ne
732;1,1;-49,5;8,31;5,98;Negativno;Ne
733;8,5;-62,9;7,25;1,98;Negativno;Ne
734;2,2;-46,8;6,8;5,44;Negativno;Ne
735;0,4;-54,2;7,31;1,34;Negativno;Ne
736;13,3;-43,1;7,79;2,72;Negativno;Ne
737;13,2;-48,9;7,71;1,56;Negativno;Da
738;12,4;-52,6;7,34;4,8;Negativno;Ne
739;3,6;-43,3;7,25;3,48;Negativno;Ne
740;13,3;-69,1;7,26;4,89;Negativno;Ne
741;12,7;-66,7;7,85;1,87;Negativno;Ne
742;9,1;-45,0;6,2;3,34;Negativno;Ne
743;12,7;-19,5;6,37;5,389766867554389;Pozitivno;Da
744;2,1;-5,6;7,69;4,712707791080727;Pozitivno;Da
745;2,3;-39,8;6,82;5,03;Negativno;Ne
746;12,9;-76,3;7,25;1,31;Negativno;Ne
747;10,8;-71,3;7,65;3,12;Negativno;Ne
748;4,1;-62,5;6,49;1,13;Negativno;Ne
749;9,4;-58,0;6,99;4,65;Negativno;Ne
750;2,6;-60,1;6,51;4,39;Negativno;Ne
751;6,0;-56,3;6,68;0,79;Negativno;Ne
752;0,4;-71,6;7,17;5,63;Negativno;Ne
753;14,6;-5,8;6,85;9,449766867554388;Pozitivno;Da
754;13,1;-43,4;7,14;0,14;Negativno;Ne
755;9,4;-50,7;6,91;4,09;Negativno;Ne
756;2,3;-6,3;7,43;4,632707791080727;Pozitivno;Da
757;15,0;-2,9;6,67;4,6;Negativno;Ne
758;0,9;-26,0;7,01;5,32;Negativno;Ne
759;4,3;-68,0;6,54;2,13;Negativno;Ne
760;8,0;-7,0;7,58;7,422707791080727;Pozitivno;Da
761;9,9;-67,0;7,21;2,36;Negativno;Ne
762;6,4;-72,3;6,72;2,6;Negativno;Ne
763;14,1;-51,0;6,3;1,11;Negativno;Ne
764;13,4;-41,1;6,27;3,91;Negativno;Ne
765;1,0;-61,7;7,6;2,73;Negativno;Ne
766;2,7;-16,4;6,51;9,61976686755439;Pozitivno;Da
767;5,0;-20,2;7,21;1,22;Negativno;Ne
768;5,7;-58,8;7,63;0,76;Negativno;Ne
769;5,6;-52,5;7,03;3,04;Pozitivno;Ne
770;0,3;-41,3;6,72;2,16;Negativno;Ne
771;10,8;-45,6;6,91;1,9;Negativno;Ne
772;3,2;-50,6;6,62;3,78;Negativno;Ne
773;8,2;-30,9;6,25;0,8;Negativno;Ne
774;0,3;-13,7;6,84;5,542707791080727;Pozitivno;Da
775;9,7;-62,6;7,48;3,71;Negativno;Ne
776;1,7;-76,3;6,4;4,17;Negativno;Ne
777;9,8;-38,3;6,67;3,17;Pozitivno;Ne
778;11,9;-61,9;6,88;5,55;Negativno;Ne
779;9,2;-70,6;7,2;0,99;Negativno;Ne
780;4,8;-53,0;6,76;3,35;Negativno;Ne
781;14,3;-16,9;7,34;9,739766867554389;Pozitivno;Da
782;11,1;-35,6;7,44;3,17;Negativno;Da
783;7,9;-32,0;7,55;3,62;Negativno;Ne
784;7,2;-48,0;7,83;1,75;Negativno;Da
785;2,5;-48,5;7,78;1,67;Negativno;Ne
786;6,4;-25,1;6,25;5,98;Negativno;Ne
787;11,7;-48,3;8,59;5,19;Negativno;Ne
788;2,0;-51,2;7,71;2,03;Negativno;Da
789;12,9;-65,2;7,19;4,06;Pozitivno;Ne
790;1,7;-73,5;7,0;0,69;Pozitivno;Ne
791;8,1;-61,8;7,87;3,26;Pozitivno;Da
792;13,1;-63,3;6,74;1,75;Negativno;Ne
793;3,2;-41,9;6,76;0,73;Pozitivno;Ne
794;4,5;-58,4;6,67;4,38;Negativno;Ne
795;8,1;-52,2;6,41;4,26;Negativno;Ne
796;10,5;-51,5;7,28;4,72;Negativno;Ne
797;9,8;-23,5;6,96;5,69;Negativno;Ne
798;8,8;-41,5;6,59;1,03;Negativno;Ne
799;3,7;-62,3;6,97;0,12;Negativno;Ne
800;10,8;-41,8;7,68;4,86;Negativno;Ne
801;1,0;-32,4;7,13;3,19;Negativno;Da
802;3,2;-82,6;6,87;0,21;Negativno;Da
803;6,4;-37,9;7,14;2,52;Negativno;Ne
804;12,0;-87,2;7,54;0,4;Negativno;Ne
805;4,7;-21,5;6,72;5,42;Negativno;Ne
806;8,6;-40,2;7,57;5,54;Negativno;Ne
807;5,2;-50,3;8,63;5,58;Negativno;Ne
808;6,9;-42,7;7,68;0,64;Negativno;Ne
809;14,3;-48,1;6,11;0,79;Negativno;Ne
810;5,5;-63,1;7,39;4,03;Negativno;Da
811;9,1;-26,6;7,44;4,45;Negativno;Ne
812;1,1;-47,0;7,5;4,6;Negativno;Ne
813;7,0;-39,4;7,42;5,68;Negativno;Ne
814;14,7;-59,6;7,78;5,48;Pozitivno;Ne
815;4,5;-33,6;7,46;1,34;Negativno;Ne
816;1,1;-51,5;6,88;3,86;Negativno;Ne
817;10,7;-70,8;6,25;1,85;Negativno;Ne
818;9,1;-58,6;6,83;4,69;Negativno;Ne
819;14,5;-51,6;7,79;0,85;Negativno;Ne
820;14,7;-55,9;5,28;4,28;Pozitivno;Ne
821;1,0;-39,2;6,78;4,4;Negativno;Ne
822;13,3;-61,7;7,43;5,01;Negativno;Ne
823;2,3;-36,0;6,49;2,48;Negativno;Ne
824;12,5;-28,5;7,27;1,84;Negativno;Ne
825;7,8;-76,0;7,25;3,95;Negativno;Da
826;6,4;-49,8;7,19;5,58;Negativno;Ne
827;1,8;-60,4;7,52;2,31;Negativno;Ne
828;8,3;-46,8;7,35;4,39;Negativno;Ne
829;11,3;-18,8;7,91;3,89;Negativno;Ne
830;6,9;-46,0;7,27;1,31;Negativno;Ne
831;12,2;-29,5;6,49;0,84;Negativno;Ne
832;4,6;-40,7;7,13;5,59;Negativno;Ne
833;7,0;-34,2;6,67;1,24;Negativno;Ne
834;1,3;-73,5;6,58;4,29;Negativno;Ne
835;5,9;-34,4;7,75;1,24;Negativno;Ne
836;2,0;-54,0;7,48;0,26;Negativno;Ne
837;11,5;-41,1;6,17;3,24;Negativno;Ne
838;5,4;-46,5;7,87;3,5;Negativno;Ne
839;6,9;-39,3;6,79;5,97;Negativno;Da
840;14,3;-41,8;7,76;5,86;Negativno;Ne
841;6,2;-36,1;6,64;3,95;Negativno;Ne
842;11,8;-69,3;8,42;2,93;Negativno;Ne
843;12,4;-60,0;7,48;0,3;Pozitivno;Ne
844;14,5;-42,9;7,21;2,28;Negativno;Ne
845;9,8;-35,0;5,89;0,75;Negativno;Ne
846;12,0;-54,9;6,1;0,92;Negativno;Da
847;1,8;-37,0;6,41;2,37;Negativno;Ne
848;1,5;-10,7;6,94;7,699766867554389;Pozitivno;Da
849;0,9;-9,6;6,74;9,61976686755439;Pozitivno;Da
850;5,2;-43,6;7,46;3,24;Negativno;Ne
851;0,3;-58,9;6,69;1,32;Negativno;Ne
852;11,7;-50,9;7,26;3,05;Negativno;Ne
853;3,3;-27,2;8,42;4,92;Negativno;Ne
854;9,3;-38,7;6,83;4,28;Negativno;Ne
855;10,4;-31,7;7,36;4,01;Negativno;Ne
856;2,0;-50,7;6,78;4,37;Negativno;Ne
857;7,6;-69,8;6,69;4,97;Negativno;Ne
858;5,1;-58,7;6,43;5,11;Negativno;Ne
859;11,8;-42,4;7,5;4,15;Negativno;Ne
860;12,7;-25,7;7,46;4,55;Negativno;Da
861;12,2;-61,9;6,99;0,92;Negativno;Ne
862;8,5;-38,2;7,37;0,81;Negativno;Ne
863;8,9;-47,8;6,91;3,33;Negativno;Ne
864;10,8;-40,7;7,44;1,02;Negativno;Da
865;4,7;-30,5;6,66;0,58;Negativno;Ne
866;0,6;-53,4;7,36;1,14;Negativno;Ne
867;8,7;-31,8;7,62;5,31;Negativno;Ne
868;8,1;-47,6;6,97;1,14;Negativno;Ne
869;0,3;-49,9;7,38;4,91;Pozitivno;Ne
870;3,1;-30,0;7,45;0,14;Negativno;Ne
871;11,0;-8,2;6,0;0,96;Negativno;Ne
872;10,6;-56,5;6,78;4,63;Negativno;Ne
873;10,7;-41,7;7,82;1,64;Negativno;Ne
874;10,6;-47,1;7,32;4,95;Negativno;Ne
875;5,4;-32,0;6,7;0,56;Negativno;Ne
876;14,3;-52,0;7,17;4,06;Negativno;Ne
877;2,6;-61,0;7,08;4,55;Negativno;Ne
878;9,3;-44,4;7,08;3,69;Negativno;Ne
879;1,4;-42,6;7,7;4,03;Negativno;Ne
880;13,7;-45,3;6,85;5,31;Negativno;Ne
881;8,7;-43,9;6,88;2,58;Negativno;Ne
882;2,3;-44,5;6,16;2,47;Negativno;Ne
883;7,8;-45,9;6,54;3,27;Negativno;Ne
884;10,6;-54,9;7,28;1,34;Negativno;Ne
885;2,2;-39,0;6,76;0,55;Negativno;Ne
886;1,8;-3,2;7,57;2,42;Negativno;Ne
887;8,7;-43,2;7,38;5,12;Negativno;Da
888;7,2;-40,0;7,67;4,41;Negativno;Ne
889;3,0;-16,7;6,95;4,952707791080727;Pozitivno;Da
890;4,4;-38,0;6,81;5,18;Negativno;Ne
891;8,8;-47,3;6,84;5,43;Pozitivno;Ne
892;4,3;-55,0;7,07;2,46;Pozitivno;Ne
893;9,3;-37,1;7,45;0,5;Negativno;Ne
894;7,0;-51,8;8,16;5,32;Negativno;Ne
895;14,7;-28,4;7,09;5,36;Negativno;Ne
896;9,4;-43,8;6,82;5,61;Negativno;Ne
897;6,6;-46,4;7,55;2,52;Negativno;Ne
898;11,4;-46,7;6,81;1,59;Negativno;Ne
899;6,2;-60,5;6,56;2,19;Negativno;Ne
900;2,0;-34,0;6,99;5,74;Negativno;Ne
901;1,0;-49,7;6,35;5,72;Pozitivno;Ne
902;10,1;-49,1;7,68;0,42;Negativno;Ne
903;6,4;-47,2;7,49;1,23;Negativno;Ne
904;14,9;-63,7;7,77;5,35;Negativno;Ne
905;1,2;-43,7;7,27;3,92;Pozitivno;Da
906;10,7;-44,1;7,55;4,76;Negativno;Ne
907;2,1;-26,7;7,36;0,44;Pozitivno;Ne
908;9,7;-57,9;6,83;4,04;Negativno;Ne
909;6,7;-60,1;6,18;1,34;Negativno;Da
910;2,7;-40,5;7,82;4,13;Negativno;Ne
911;5,8;-23,9;7,26;4,11;Negativno;Ne
912;2,8;-71,6;7,34;0,59;Negativno;Ne
913;5,5;-57,0;6,96;4,64;Negativno;Ne
914;3,8;-51,3;7,21;2,63;Negativno;Ne
915;6,1;-69,7;7,21;4,75;Negativno;Ne
916;2,2;-36,4;6,64;5,36;Negativno;Ne
917;0,6;-38,1;7,06;0,13;Negativno;Ne
918;2,3;-35,0;6,65;2,53;Negativno;Da
919;5,6;-46,2;6,23;4,39;Negativno;Ne
920;3,4;-47,2;5,96;5,6;Pozitivno;Ne
921;12,6;-53,9;7,1;1,56;Negativno;Ne
922;4,5;-35,2;7,23;0,17;Negativno;Ne
923;4,0;-50,9;6,88;3,64;Negativno;Ne
924;9,9;-47,3;7,18;2,87;Negativno;Ne
925;11,8;-15,2;6,36;9,629766867554387;Pozitivno;Da
926;14,7;-61,4;6,73;4,26;Negativno;Ne
927;5,5;-56,2;6,85;3,93;Negativno;Ne
928;3,4;-23,5;7,78;1,51;Negativno;Ne
929;8,6;-61,2;6,81;3,66;Negativno;Ne
930;4,0;-57,3;6,66;4,5;Pozitivno;Ne
931;3,7;-43,9;6,85;0,86;Negativno;Ne
932;12,2;-66,0;7,12;1,63;Negativno;Ne
933;1,8;-62,3;6,97;5,88;Negativno;Ne
934;14,5;-39,3;7,83;5,59;Negativno;Ne
935;14,2;-47,8;6,95;2,25;Negativno;Ne
936;14,4;-14,2;6,79;4,8;Negativno;Ne
937;1,3;-22,1;6,77;5,95;Negativno;Ne
938;5,8;-61,6;7,27;0,13;Pozitivno;Ne
939;4,6;-69,3;6,87;2,06;Negativno;Da
940;9,0;-57,4;7,55;0,44;Negativno;Ne
941;10,9;-45,5;6,95;3,45;Pozitivno;Da
942;8,7;-53,6;6,72;4,74;Pozitivno;Ne
943;12,1;-6,7;6,61;6,5797668675543886;Pozitivno;Da
944;6,9;-67,7;6,99;4,72;Negativno;Ne
945;8,1;-42,1;6,84;1,65;Pozitivno;Ne
946;9,0;-33,9;6,98;3,15;Negativno;Ne
947;6,2;-59,1;7,1;1,26;Negativno;Ne
948;3,4;-38,7;7,05;1,89;Negativno;Ne
949;3,1;-44,8;6,91;2,93;Negativno;Ne
950;7,5;-40,6;6,42;2,7;Negativno;Ne
951;6,5;-53,8;6,9;4,7;Negativno;Ne
952;7,3;-73,3;7,11;2,69;Pozitivno;Ne
953;12,1;-35,4;7,86;5,75;Negativno;Ne
954;1,4;-32,2;6,91;5,91;Negativno;Ne
955;4,8;-38,9;6,92;0,7;Negativno;Ne
956;7,2;-43,4;6,62;3,69;Negativno;Ne
957;13,6;-24,7;6,76;4,57;Negativno;Ne
958;8,5;-51,0;6,67;1,96;Pozitivno;Ne
959;1,8;-52,6;6,96;2,78;Negativno;Ne
960;0,1;-29,5;6,17;2,82;Negativno;Ne
961;12,3;-60,6;6,74;1,06;Negativno;Ne
962;5,1;-40,4;7,04;4,46;Negativno;Ne
963;11,2;-25,1;6,99;3,86;Negativno;Ne
964;13,7;-49,8;6,21;0,63;Negativno;Ne
965;1,4;-63,1;7,43;1,01;Negativno;Ne
966;6,4;-32,7;7,28;3,26;Negativno;Ne
967;10,7;-69,2;6,62;3,49;Negativno;Ne
968;6,9;-54,3;7,5;1,38;Negativno;Ne
969;7,9;-41,8;7,43;5,6;Negativno;Ne
970;8,2;-55,5;6,96;1,6;Negativno;Ne
971;3,5;-40,5;7,34;4,21;Negativno;Ne
972;1,8;-57,2;6,01;4,09;Negativno;Ne
973;14,8;-73,3;6,21;4,71;Negativno;Ne
974;14,8;-69,0;6,22;3,84;Negativno;Ne
975;6,7;-26,2;6,21;3,19;Negativno;Ne
976;3,6;-5,2;7,21;4,82;Negativno;Ne
977;8,7;-58,7;7,15;5,67;Negativno;Ne
978;12,3;-46,9;7,58;3,66;Negativno;Ne
979;5,8;-34,8;6,57;2,02;Negativno;Ne
980;14,9;-45,3;8,24;2,97;Negativno;Ne
981;8,6;-46,8;6,71;1,96;Pozitivno;Ne
982;14,6;-81,1;7,42;0,7;Negativno;Ne
983;0,8;-24,8;7,53;1,06;Negativno;Ne
984;7,5;-52,8;7,49;2,48;Negativno;Ne
985;13,3;-18,3;7,0;5,7497668675543885;Pozitivno;Da
986;14,2;-49,0;6,37;3,95;Negativno;Ne
987;6,9;-63,5;7,5;2,79;Negativno;Ne
988;9,7;-52,9;6,93;1,88;Negativno;Ne
989;9,5;-34,1;6,98;1,64;Negativno;Ne
990;7,4;-72,0;6,43;1,66;Negativno;Ne
991;4,5;-58,4;6,89;1,99;Negativno;Ne
992;13,1;-41,2;7,27;5,48;Negativno;Ne
993;13,0;-35,3;6,97;5,9;Negativno;Ne
994;8,3;-28,1;7,35;3,29;Negativno;Ne
995;8,8;-54,3;6,22;1,57;Negativno;Ne
996;1,0;-48,4;7,16;3,9;Negativno;Ne
997;6,5;-38,1;6,53;2,86;Negativno;Ne
998;4,3;-75,7;6,87;0,79;Negativno;Ne
999;8,2;-60,3;7,25;2,69;Pozitivno;Ne
1000;4,0;-61,3;6,49;4,32;Negativno;Ne
1001;2,8;-55,0;8,7;0,29;Negativno;Ne
1002;1,8;-45,6;8,24;3,97;Negativno;Ne
1003;1,4;-69,8;6,91;0,2;Negativno;Ne
1004;2,5;-50,4;7,75;2,68;Negativno;Ne
1005;9,1;-74,7;7,15;3,34;Negativno;Ne
1006;2,8;-46,9;7,11;1,85;Negativno;Ne
1007;14,6;-75,5;6,9;5,05;Negativno;Ne
1008;6,3;-40,8;7,38;4,36;Pozitivno;Ne
1009;5,5;-6,0;7,17;8,669766867554388;Pozitivno;Da
1010;0,8;-44,9;7,29;3,01;Negativno;Ne
1011;1,5;-63,6;7,46;4,79;Negativno;Da
1012;5,2;-33,4;6,53;0,74;Negativno;Ne
1013;13,1;-49,6;6,47;1,69;Negativno;Ne
1014;10,8;-56,6;7,35;0,3;Negativno;Ne
1015;0,6;-25,9;7,02;0,84;Negativno;Ne
1016;13,8;-54,7;7,41;1,98;Negativno;Ne
1017;12,4;-35,0;7,09;5,48;Pozitivno;Ne
1018;0,3;-29,3;7,91;1,76;Negativno;Ne
1019;9,2;-55,6;7,93;1,97;Negativno;Ne
1020;4,5;-36,0;6,66;4,4;Negativno;Ne
1021;14,7;-55,1;5,99;1,38;Negativno;Ne
1022;0,3;-42,8;6,72;5,81;Negativno;Ne
1023;6,1;-58,9;6,0;1,41;Negativno;Ne
1024;13,0;-42,1;7,35;4,55;Negativno;Ne
1025;10,1;-48,4;6,8;0,56;Negativno;Ne
1026;10,4;-52,8;7,25;4,06;Pozitivno;Ne
1027;12,8;-56,7;7,36;3,17;Negativno;Ne
1028;14,4;-51,6;8,16;5,26;Negativno;Ne
1029;6,7;-51,9;7,05;4,97;Negativno;Da
1030;2,8;-54,1;6,85;0,51;Negativno;Da
1031;7,6;-66,1;7,56;1,5;Negativno;Ne
1032;7,0;-60,6;6,63;4,9;Negativno;Ne
1033;9,6;-59,2;6,38;4,34;Negativno;Ne
1034;1,8;-55,6;7,54;4,77;Negativno;Ne
1035;4,1;-42,3;6,37;4,23;Negativno;Ne
1036;0,6;-54,0;7,09;1,33;Negativno;Ne
1037;4,4;-52,8;7,88;0,79;Negativno;Ne
1038;0,5;-58,8;6,77;3,85;Negativno;Ne
1039;5,8;-51,6;6,6;4,34;Pozitivno;Ne
1040;11,5;-67,1;6,53;0,69;Negativno;Ne
1041;0,5;-32,6;7,38;5,34;Negativno;Ne
1042;10,5;-17,4;7,09;6,929766867554388;Pozitivno;Da
1043;1,7;-60,8;7,24;3,44;Negativno;Ne
1044;3,2;-49,2;6,5;0,86;Negativno;Ne
1045;13,2;-61,4;7,54;5,9;Negativno;Ne
1046;3,4;-78,4;7,5;3,74;Negativno;Ne
1047;10,4;-43,3;5,6;1,58;Negativno;Ne
1048;14,7;-72,0;6,99;5,9;Negativno;Ne
1049;1,9;-70,5;7,33;4,22;Negativno;Ne
1050;7,1;-74,1;6,94;5,73;Negativno;Ne
1051;11,8;-50,8;6,5;0,86;Negativno;Ne
1052;6,8;-58,5;6,84;4,46;Negativno;Ne
1053;6,3;-21,8;6,47;0,64;Negativno;Ne
1054;7,5;-46,0;7,73;4,98;Pozitivno;Ne
1055;7,4;-56,6;6,89;5,32;Negativno;Ne
1056;14,1;-47,4;7,43;0,44;Pozitivno;Ne
1057;13,9;-45,5;7,16;2,35;Negativno;Ne
1058;14,6;-60,7;6,45;2,52;Negativno;Ne
1059;7,4;-29,4;7,35;5,3;Negativno;Ne
1060;10,1;-51,7;7,06;4,75;Negativno;Ne
1061;9,6;-68,3;7,22;1,15;Negativno;Ne
1062;7,6;-44,4;7,51;5,56;Negativno;Ne
1063;6,6;-91,5;6,08;3,07;Negativno;Ne
1064;5,5;-51,1;6,94;1,64;Negativno;Ne
1065;2,2;-30,8;7,68;4,86;Pozitivno;Ne
1066;5,2;-56,4;6,45;2,72;Negativno;Ne
1067;5,3;-63,9;6,9;5,38;Negativno;Ne
1068;4,1;-39,3;7,41;1,34;Negativno;Ne
1069;1,7;-24,5;6,52;5,22;Negativno;Ne
1070;2,0;-73,6;6,82;2,57;Negativno;Ne
1071;7,8;-48,9;7,08;1,38;Negativno;Ne
1072;7,0;-44,4;5,87;4,54;Pozitivno;Ne
1073;13,5;-56,5;6,39;0,21;Negativno;Da
1074;2,0;-40,7;6,98;1,84;Negativno;Ne
1075;12,8;-42,8;7,47;5,81;Negativno;Ne
1076;7,7;-20,6;7,7;3,45;Negativno;Ne
1077;14,5;-52,4;7,56;4,47;Negativno;Ne
1078;8,5;-8,5;7,42;4,659766867554389;Pozitivno;Da
1079;13,6;-84,1;6,67;5,44;Negativno;Ne
1080;0,7;-61,5;8,27;3,37;Negativno;Ne
1081;2,0;-68,3;7,37;4,41;Negativno;Ne
1082;1,4;-18,1;6,88;9,319766867554389;Pozitivno;Da
1083;13,4;-54,3;7,2;3,52;Pozitivno;Ne
1084;4,0;-35,4;6,57;1,08;Negativno;Ne
1085;2,8;-61,4;6,86;2,96;Negativno;Da
1086;11,6;-45,8;6,13;0,71;Negativno;Ne
1087;11,8;-20,1;7,58;5,05;Negativno;Ne
1088;10,3;-34,1;7,86;0,9;Negativno;Ne
1089;10,7;-15,0;7,36;9,809766867554389;Pozitivno;Da
1090;8,6;-45,0;6,86;0,1;Negativno;Ne
1091;10,6;-15,8;6,25;5,319766867554389;Pozitivno;Da
1092;8,1;-33,6;7,18;4,29;Pozitivno;Ne
1093;1,7;-43,0;6,74;3,14;Negativno;Ne
1094;14,2;-39,2;6,35;5,89;Negativno;Ne
1095;10,8;-63,1;7,58;2,78;Negativno;Ne
1096;11,2;-43,6;6,59;4,59;Negativno;Ne
1097;8,9;-35,8;6,61;2,23;Negativno;Ne
1098;3,4;-52,1;7,49;3,67;Pozitivno;Ne
1099;6,0;-48,9;7,47;5,85;Negativno;Ne
1100;4,7;-46,8;7,6;3,53;Negativno;Ne
1101;6,4;-22,8;7,28;4,15;Pozitivno;Ne
1102;1,7;-39,9;7,41;1,75;Negativno;Ne
1103;8,6;-60,4;6,91;4,98;Negativno;Ne
1104;1,0;-25,8;7,13;0,76;Negativno;Ne
1105;1,8;-64,6;6,28;5,44;Negativno;Ne
1106;12,8;-50,3;6,74;4,18;Negativno;Da
1107;6,3;-69,5;7,09;5,21;Negativno;Ne
1108;6,6;-67,5;7,61;1,94;Negativno;Ne
1109;12,4;-68,7;7,21;1,59;Negativno;Ne
1110;0,4;-27,2;7,07;5,36;Pozitivno;Ne
1111;12,1;-27,7;7,72;3,01;Negativno;Ne
1112;1,5;-40,4;5,8;1,13;Negativno;Ne
1113;6,2;-35,6;7,22;4,66;Negativno;Ne
1114;1,2;-55,4;7,08;2,59;Negativno;Ne
1115;12,9;-43,0;6,85;3,55;Negativno;Ne
1116;5,8;-45,6;7,29;0,25;Negativno;Ne
1117;9,6;-54,1;7,47;2,3;Negativno;Ne
1118;3,8;-40,5;6,74;2,7;Negativno;Ne
1119;14,4;-41,1;7,31;4,95;Negativno;Ne
1120;13,8;-52,7;6,42;0,46;Negativno;Ne
1121;10,5;-65,9;7,72;0,83;Pozitivno;Ne
1122;7,7;-57,4;6,97;2,32;Negativno;Da
1123;0,8;-40,0;6,86;1,68;Pozitivno;Ne
1124;6,7;-63,0;6,84;4,57;Negativno;Ne
1125;3,1;-16,8;7,51;8,032707791080728;Pozitivno;Da
1126;2,1;-30,9;6,33;5,76;Negativno;Ne
1127;8,9;-48,7;6,8;0,29;Negativno;Ne
1128;3,6;-16,5;6,3;5,67;Negativno;Ne
1129;12,6;-51,6;6,73;5,2;Negativno;Ne
1130;14,8;-33,7;7,21;0,14;Negativno;Ne
1131;9,4;-51,7;7,23;3,68;Negativno;Ne
1132;4,2;-40,2;6,99;2,38;Negativno;Ne
1133;3,6;-71,6;7,39;1,06;Negativno;Ne
1134;11,2;-47,3;7,64;5,8;Negativno;Ne
1135;11,9;-44,4;6,77;2,34;Negativno;Ne
1136;4,0;-44,2;6,71;3,85;Negativno;Ne
1137;12,3;-72,8;7,07;1,29;Negativno;Ne
1138;8,4;-42,4;7,11;1,24;Negativno;Ne
1139;8,2;-15,9;6,87;6,262707791080727;Pozitivno;Da
1140;2,2;-38,8;7,15;5,45;Negativno;Ne
1141;11,1;-57,6;6,65;2,84;Negativno;Ne
1142;14,9;-31,6;7,54;0,22;Negativno;Ne
1143;1,4;-58,0;6,86;3,67;Negativno;Ne
1144;12,5;-52,4;7,54;0,57;Negativno;Ne
1145;2,5;-41,9;8,08;0,24;Negativno;Ne
1146;2,2;-54,0;8,15;1,15;Negativno;Ne
1147;7,4;-33,3;7,0;0,5;Negativno;Ne
1148;9,1;-68,5;6,86;0,69;Negativno;Ne
1149;9,9;-27,3;7,27;1,18;Negativno;Ne
1150;10,6;-36,3;6,99;3,42;Negativno;Ne
1151;3,3;-34,3;8,12;1,64;Negativno;Ne
1152;8,6;-64,2;6,24;3,45;Pozitivno;Ne
1153;8,9;-34,8;7,08;5,13;Negativno;Ne
1154;7,1;-39,7;6,7;0,97;Negativno;Ne
1155;12,9;-45,2;6,04;0,76;Negativno;Ne
1156;4,4;-62,6;7,28;2,88;Negativno;Ne
1157;3,1;-54,5;6,93;0,37;Pozitivno;Ne
1158;2,2;-51,8;7,52;5,35;Negativno;Ne
1159;7,1;-41,6;6,66;0,85;Negativno;Ne
1160;11,5;-40,0;7,45;3,24;Negativno;Ne
1161;8,3;-56,2;6,89;0,54;Negativno;Ne
1162;11,8;-41,3;7,11;5,16;Negativno;Ne
1163;7,6;-68,6;7,1;1,81;Negativno;Ne
1164;12,7;-60,2;7,17;1,04;Negativno;Ne
1165;3,2;-36,6;6,04;2,11;Negativno;Ne
1166;10,6;-49,1;5,94;5,42;Negativno;Ne
1167;13,1;-54,0;6,23;0,96;Negativno;Ne
1168;10,1;-49,8;6,7;3,22;Negativno;Ne
1169;14,2;-64,0;7,42;4,96;Negativno;Ne
1170;6,9;-43,3;6,9;4,29;Pozitivno;Ne
1171;2,2;-36,5;6,91;2,72;Negativno;Ne
1172;5,1;-51,8;6,05;4,65;Negativno;Ne
1173;1,9;-12,4;7,06;7,8627077910807275;Pozitivno;Da
1174;10,0;-61,9;7,62;2,1;Negativno;Ne
1175;8,9;-36,7;7,12;0,73;Negativno;Ne
1176;10,7;-57,6;7,29;4,69;Pozitivno;Ne
1177;8,6;-68,7;7,37;3,99;Negativno;Da
1178;2,4;-56,0;7,25;0,88;Negativno;Ne
1179;11,0;-55,8;6,97;5,28;Negativno;Ne
1180;9,7;-33,9;8,28;5,14;Negativno;Ne
1181;1,8;-54,4;7,24;2,91;Negativno;Ne
1182;0,6;-21,7;6,47;2,11;Negativno;Ne
1183;0,7;-37,6;6,5;5,99;Negativno;Ne
1184;1,1;-46,1;6,95;4,37;Negativno;Ne
1185;9,8;-56,2;6,54;4,78;Negativno;Ne
1186;9,9;-27,7;6,83;2,57;Negativno;Ne
1187;0,6;-49,8;8,2;1,05;Negativno;Ne
1188;6,1;-58,6;7,1;2,11;Negativno;Ne
1189;11,6;-61,5;7,78;0,91;Negativno;Ne
1190;12,6;-63,7;7,27;5,71;Negativno;Ne
1191;9,1;-61,9;6,98;1,58;Negativno;Ne
1192;10,1;-43,1;6,88;4,15;Negativno;Ne
1193;0,5;-80,0;6,82;1,99;Negativno;Ne
1194;9,8;-50,7;6,8;1,03;Negativno;Ne
1195;10,5;-47,0;7,1;2,95;Negativno;Ne
1196;14,8;-62,3;6,37;5,66;Negativno;Ne
1197;0,9;-68,5;7,22;3,76;Negativno;Ne
1198;0,4;-43,0;6,35;3,16;Negativno;Ne
1199;1,2;-72,8;7,47;5,79;Negativno;Ne
1200;13,1;-57,7;7,17;1,68;Pozitivno;Ne
1201;3,2;-50,3;6,52;1,81;Negativno;Ne
1202;14,5;-25,4;7,7;0,96;Negativno;Ne
1203;13,2;-88,9;6,45;2,66;Negativno;Ne
1204;13,2;-65,2;6,71;3,46;Negativno;Ne
1205;12,4;-20,7;7,55;3,84;Negativno;Ne
1206;11,5;-44,0;6,93;3,3;Negativno;Ne
1207;4,8;-47,2;6,87;4,01;Negativno;Ne
1208;7,2;-10,3;6,87;9,422707791080727;Pozitivno;Da
1209;8,7;-49,7;6,73;5,53;Pozitivno;Ne
1210;10,5;-68,7;7,57;1,78;Negativno;Ne
1211;9,1;-67,3;6,69;1,19;Negativno;Ne
1212;8,9;-55,9;7,06;1,3;Negativno;Ne
1213;7,8;-6,7;6,56;2,01;Negativno;Ne
1214;13,8;-47,0;7,06;1,45;Negativno;Ne
1215;0,8;-41,0;5,79;3,71;Negativno;Ne
1216;10,0;-53,0;7,25;5,46;Negativno;Ne
1217;4,3;-47,3;8,01;5,09;Negativno;Ne
1218;12,0;-77,0;6,55;0,95;Negativno;Ne
1219;10,3;-36,9;7,19;3,12;Negativno;Ne
1220;6,5;-44,8;6,79;4,52;Negativno;Ne
1221;0,8;-60,7;6,78;2,02;Negativno;Ne
1222;9,6;-66,6;7,0;5,27;Negativno;Ne
1223;3,0;-64,3;7,22;0,98;Negativno;Da
1224;12,4;-63,2;7,45;4,05;Negativno;Ne
1225;14,8;-5,1;7,18;9,20976686755439;Pozitivno;Da
1226;14,1;-57,2;6,91;2,57;Negativno;Ne
1227;11,5;-67,2;6,53;3,75;Negativno;Ne
1228;9,6;-26,7;6,73;5,38;Negativno;Ne
1229;4,8;-8,3;5,77;7,319766867554389;Pozitivno;Da
1230;12,7;-41,9;8,08;3,39;Negativno;Ne
1231;3,9;-45,2;6,75;5,47;Negativno;Ne
1232;12,1;-14,9;7,7;8,969766867554387;Pozitivno;Da
1233;13,0;-5,1;7,28;7,859766867554389;Pozitivno;Da
1234;10,6;-29,1;7,2;5,74;Negativno;Ne
1235;11,7;-71,7;7,01;3,49;Negativno;Ne
1236;5,8;-18,1;7,03;5,98;Negativno;Ne
1237;7,1;-61,0;7,24;2,46;Negativno;Ne
1238;3,6;-30,8;7,34;0,28;Negativno;Ne
1239;12,4;-32,7;7,87;3,74;Negativno;Ne
1240;6,3;-63,2;7,31;0,3;Negativno;Ne
1241;11,7;-47,6;7,28;0,59;Negativno;Ne
1242;3,6;-74,6;6,96;0,58;Negativno;Ne
1243;13,8;-47,5;6,02;2,37;Negativno;Ne
1244;7,3;-37,4;7,99;2,43;Negativno;Ne
1245;2,6;-62,7;6,8;3,33;Negativno;Ne
1246;5,9;-36,6;6,99;4,53;Pozitivno;Ne
1247;13,1;-47,9;6,56;1,54;Negativno;Ne
1248;1,4;-30,4;7,26;0,79;Negativno;Ne
1249;5,0;-37,7;8,04;4,63;Negativno;Ne
1250;8,4;-30,3;7,11;5,8;Negativno;Ne
1251;7,4;-52,2;6,85;5,81;Negativno;Ne
1252;1,5;-48,8;6,53;5,53;Negativno;Ne
1253;12,0;-13,6;6,61;5,922707791080727;Pozitivno;Da
1254;0,6;-79,0;6,8;1,76;Negativno;Ne
1255;1,0;-55,4;7,34;2,51;Negativno;Ne
1256;7,7;-56,4;6,49;5,6;Negativno;Ne
1257;8,8;-57,4;6,44;1,6;Negativno;Ne
1258;8,5;-71,3;7,0;0,12;Negativno;Ne
1259;4,4;-16,1;6,95;0,69;Negativno;Ne
1260;7,8;-29,5;5,86;2,62;Negativno;Ne
1261;9,4;-49,9;6,65;1,15;Negativno;Ne
1262;9,6;-54,2;7,55;4,75;Negativno;Ne
1263;8,0;-42,8;6,69;3,81;Negativno;Ne
1264;7,3;-52,4;6,7;3,78;Pozitivno;Ne
1265;3,7;-55,9;8,02;2,35;Negativno;Ne
1266;3,5;-53,6;7,31;2,87;Negativno;Da
1267;10,8;-35,4;6,82;3,54;Negativno;Ne
1268;4,6;-50,0;6,84;0,85;Negativno;Ne
1269;8,6;-62,6;7,13;1,6;Negativno;Ne
1270;3,1;-48,3;7,11;3,07;Negativno;Ne
1271;14,5;-56,1;7,15;4,46;Negativno;Ne
1272;4,9;-59,4;7,21;4,3;Negativno;Ne
1273;12,6;-48,4;6,33;4,14;Negativno;Ne
1274;14,2;-93,6;6,88;0,3;Negativno;Ne
1275;7,3;-29,5;5,48;1,48;Negativno;Ne
1276;3,5;-42,8;7,79;2,42;Negativno;Ne
1277;7,4;-56,4;5,66;0,82;Negativno;Ne
1278;5,0;-63,4;6,73;4,42;Negativno;Ne
1279;0,2;-52,0;7,4;2,5;Negativno;Ne
1280;12,9;-33,7;6,72;3,6;Negativno;Ne
1281;7,4;-45,8;7,08;3,14;Negativno;Ne
1282;13,4;-64,3;6,24;1,79;Negativno;Ne
1283;6,5;-50,6;7,38;3,55;Negativno;Ne
1284;1,1;-50,9;7,14;5,27;Negativno;Ne
1285;4,9;-51,1;6,97;5,46;Negativno;Ne
1286;10,0;-49,2;7,48;4,54;Negativno;Ne
1287;8,9;-77,3;7,22;3,21;Negativno;Ne
1288;6,6;-62,3;6,49;5,26;Negativno;Ne
1289;7,4;-69,7;6,78;1,14;Negativno;Ne
1290;2,4;-55,6;6,45;4,64;Negativno;Ne
1291;13,5;-74,4;7,17;5,63;Pozitivno;Ne
1292;10,0;-26,3;7,49;0,98;Pozitivno;Ne
1293;9,7;-39,5;6,83;6,0;Negativno;Ne
1294;14,7;-80,5;8,04;1,03;Negativno;Ne
1295;8,1;-83,5;6,93;3,87;Negativno;Ne
1296;3,2;-37,6;6,74;2,11;Negativno;Da
1297;10,3;-49,1;6,55;1,27;Negativno;Ne
1298;9,4;-45,8;6,68;0,29;Negativno;Ne
1299;8,7;-19,0;6,37;3,802707791080727;Pozitivno;Da
1300;9,7;-65,3;7,61;5,4;Negativno;Ne
1301;6,9;-56,7;7,52;1,74;Negativno;Ne
1302;4,8;-53,3;8,02;5,94;Negativno;Ne
1303;14,9;-37,7;6,89;3,15;Negativno;Ne
1304;11,1;-52,7;6,3;1,41;Negativno;Ne
1305;2,6;-58,3;7,73;4,48;Negativno;Ne
1306;9,1;-52,3;7,99;5,58;Negativno;Ne
1307;4,5;-28,8;7,27;3,97;Negativno;Ne
1308;3,0;-23,4;7,82;5,02;Pozitivno;Ne
1309;10,1;-42,9;6,91;3,52;Negativno;Ne
1310;12,0;-30,7;7,8;2,29;Negativno;Ne
1311;5,8;-60,9;6,11;4,4;Negativno;Ne
1312;3,0;-59,2;7,24;4,81;Negativno;Ne
1313;5,7;-64,4;7,53;4,83;Negativno;Ne
1314;14,7;-48,9;6,64;5,46;Negativno;Ne
1315;6,6;-53,4;6,81;4,4;Negativno;Ne
1316;7,8;-15,4;6,78;4,452707791080727;Pozitivno;Da
1317;14,4;-60,2;7,33;0,93;Negativno;Ne
1318;1,0;-53,6;6,86;2,75;Negativno;Ne
1319;1,4;-32,0;7,36;2,62;Negativno;Ne
1320;2,2;-18,6;6,78;5,32;Negativno;Ne
1321;8,4;-52,8;7,19;1,77;Negativno;Ne
1322;11,9;150,0;-2,0;3,49;Pozitivno;Ne
1323;8,9;-46,6;7,3;1,91;Negativno;Ne
1324;1,3;-50,9;6,77;5,44;Negativno;Ne
1325;6,1;-53,9;7,55;1,62;Negativno;Ne
1326;6,5;-52,4;6,57;3,54;Negativno;Ne
1327;11,4;-56,1;7,16;1,24;Negativno;Ne
1328;13,9;-67,9;6,49;2,31;Negativno;Ne
1329;14,4;-16,6;7,36;1,31;Negativno;Ne
1330;3,3;-58,5;7,59;0,94;Negativno;Ne
1331;12,1;-32,2;7,34;0,59;Negativno;Ne
1332;11,1;-56,1;6,53;4,21;Negativno;Ne
1333;9,2;-42,5;6,72;1,34;Negativno;Ne
1334;9,2;-59,2;7,14;4,28;Negativno;Ne
1335;0,5;-43,7;7,38;2,88;Negativno;Ne
1336;1,8;-57,0;7,35;2,13;Negativno;Ne
1337;10,0;-40,7;7,47;4,31;Negativno;Ne
1338;4,9;-27,9;7,43;4,1;Negativno;Ne
1339;1,3;-27,9;8,23;3,07;Negativno;Ne
1340;13,8;-34,3;6,74;0,47;Negativno;Ne
1341;1,2;-57,0;6,85;0,61;Negativno;Ne
1342;6,1;-76,1;6,55;0,91;Negativno;Ne
1343;14,5;-26,0;6,82;2,62;Negativno;Da
1344;13,1;-20,6;6,26;0,24;Negativno;Ne
1345;6,6;-49,7;7,03;0,21;Negativno;Ne
1346;4,9;-77,1;7,17;1,13;Negativno;Ne
1347;1,1;-40,7;6,56;2,14;Negativno;Ne
1348;4,9;-77,9;6,47;3,12;Negativno;Ne
1349;5,8;-48,4;7,25;1,85;Negativno;Ne
1350;2,3;-45,5;6,69;2,86;Pozitivno;Ne
1351;12,0;-25,8;6,8;3,66;Negativno;Da
1352;1,0;-57,4;6,93;2,53;Negativno;Da
1353;13,5;-51,5;7,64;5,48;Negativno;Ne
1354;13,9;-52,0;7,32;4,06;Negativno;Ne
1355;5,7;-47,4;6,85;1,6;Pozitivno;Ne
1356;1,3;-34,9;7,97;3,2;Negativno;Ne
1357;0,4;-46,8;6,12;3,93;Negativno;Ne
1358;8,9;-39,7;6,78;2,04;Negativno;Ne
1359;9,3;-58,1;6,16;0,14;Negativno;Ne
1360;13,3;-66,7;6,94;5,05;Negativno;Ne
1361;12,0;-59,3;5,85;5,99;Negativno;Ne
1362;3,2;-61,1;7,0;5,1;Negativno;Ne
1363;3,2;-44,1;6,47;3,26;Negativno;Ne
1364;13,8;-56,1;6,92;4,58;Negativno;Ne
1365;2,0;-74,6;7,77;4,42;Negativno;Da
1366;12,1;-40,1;6,83;4,69;Negativno;Ne
1367;10,8;-39,3;7,33;4,95;Pozitivno;Ne
1368;5,2;-60,9;6,58;3,67;Negativno;Ne
1369;13,8;-19,4;7,23;3,7;Negativno;Ne
1370;4,3;-65,1;8,28;1,29;Negativno;Ne
1371;8,2;-48,1;7,33;2,12;Negativno;Ne
1372;0,6;-41,2;7,75;4,83;Negativno;Ne
1373;11,1;-39,5;6,69;3,16;Negativno;Ne
1374;12,5;-38,6;7,39;2,94;Negativno;Ne
1375;1,7;-31,6;7,14;5,9;Negativno;Ne
1376;1,3;-53,4;6,8;0,17;Pozitivno;Ne
1377;4,6;-9,6;6,95;9,479766867554389;Pozitivno;Da
1378;8,3;-17,9;6,53;5,99;Negativno;Ne
1379;9,4;-27,0;6,68;5,94;Negativno;Ne
1380;1,3;-32,5;7,1;0,12;Pozitivno;Ne
1381;5,2;-63,9;7,7;1,92;Negativno;Ne
1382;1,0;-52,2;6,86;2,27;Negativno;Ne
1383;8,7;-12,8;6,82;4,4;Negativno;Ne
1384;9,5;-36,5;7,34;2,35;Negativno;Ne
1385;1,0;-47,1;6,2;4,17;Negativno;Ne
1386;13,2;-38,3;7,0;2,85;Negativno;Ne
1387;4,2;-64,6;7,53;2,64;Negativno;Ne
1388;14,9;-35,5;6,48;5,47;Negativno;Ne
1389;0,4;-55,4;8,09;4,77;Negativno;Ne
1390;14,7;-45,7;7,29;1,65;Negativno;Ne
1391;14,6;-56,9;6,52;1,7;Negativno;Ne
1392;4,3;-76,6;7,78;5,41;Negativno;Ne
1393;2,2;-37,1;6,84;4,62;Negativno;Ne
1394;2,1;-26,6;5,98;5,24;Negativno;Ne
1395;2,9;-51,0;7,72;0,95;Negativno;Ne
1396;12,6;-62,0;6,93;0,53;Negativno;Ne
1397;4,5;-64,7;7,54;4,29;Negativno;Ne
1398;11,8;-37,3;7,42;5,83;Negativno;Ne
1399;14,7;-67,3;7,11;1,47;Negativno;Ne
1400;2,2;-42,1;7,07;1,61;Pozitivno;Ne
1401;7,0;-46,0;7,85;4,7;Negativno;Ne
1402;5,6;-41,3;6,81;0,95;Negativno;Ne
1403;5,8;-63,4;6,9;2,55;Negativno;Ne
1404;8,3;-51,6;7,58;0,57;Negativno;Ne
1405;7,9;-47,7;6,71;0,49;Negativno;Ne
1406;3,5;-59,4;7,18;3,5;Negativno;Ne
1407;15,0;-63,3;6,72;0,61;Negativno;Ne
1408;1,1;-66,4;6,63;5,97;Negativno;Ne
1409;9,5;-46,7;7,08;5,92;Negativno;Ne
1410;2,5;-50,0;6,84;5,83;Negativno;Ne
1411;13,6;-33,1;7,92;2,35;Negativno;Ne
1412;8,7;-49,2;6,98;1,34;Negativno;Ne
1413;6,0;-60,6;7,58;0,54;Negativno;Ne
1414;10,5;-25,3;6,74;5,74;Negativno;Ne
1415;6,4;-30,7;6,42;0,62;Negativno;Da
1416;7,6;-34,3;7,69;4,74;Negativno;Ne
1417;6,6;-41,9;6,7;3,8;Negativno;Ne
1418;4,5;-68,0;7,03;0,14;Negativno;Ne
1419;8,4;-61,0;6,15;5,45;Negativno;Ne
1420;14,0;-103,4;8,07;5,24;Negativno;Ne
1421;14,5;-58,5;7,43;0,97;Negativno;Ne
1422;12,2;-46,5;7,73;3,13;Negativno;Ne
1423;8,6;-61,5;7,83;3,36;Negativno;Ne
1424;7,9;-33,1;6,18;5,49;Negativno;Ne
1425;1,9;-73,0;7,11;1,23;Negativno;Ne
1426;9,3;-39,1;6,92;0,35;Negativno;Ne
1427;13,1;-27,4;6,67;0,59;Negativno;Ne
1428;6,3;-75,6;7,09;0,28;Negativno;Ne
1429;7,2;-29,5;7,71;3,89;Negativno;Ne
1430;8,3;-27,5;7,11;3,73;Negativno;Ne
1431;10,0;-47,6;7,8;1,56;Negativno;Ne
1432;8,8;-13,2;7,3;8,542707791080726;Pozitivno;Da
1433;4,1;-50,4;7,0;5,12;Negativno;Ne
1434;12,3;-57,6;6,54;4,99;Negativno;Ne
1435;3,3;-32,7;6,82;0,8;Negativno;Ne
1436;13,5;-26,9;7,42;2,2;Negativno;Ne
1437;5,9;-53,0;6,3;5,51;Negativno;Da
1438;2,3;-50,9;7,45;5,51;Negativno;Ne
1439;4,6;-32,8;6,74;2,7;Negativno;Ne
1440;14,5;-40,3;6,62;2,12;Negativno;Ne
1441;3,2;-56,4;7,41;1,7;Negativno;Ne
1442;11,6;-50,0;6,84;4,72;Pozitivno;Ne
1443;13,3;-68,1;6,74;3,27;Negativno;Ne
1444;9,1;-61,3;6,48;4,22;Negativno;Ne
1445;13,4;-16,4;6,94;0,45;Negativno;Ne
1446;14,4;-52,4;6,39;1,58;Negativno;Ne
1447;5,5;-55,9;6,81;4,01;Negativno;Ne
1448;5,4;-56,1;7,35;0,21;Negativno;Ne
1449;13,6;-45,0;7,06;3,24;Negativno;Ne
1450;0,9;-74,1;6,53;1,75;Negativno;Ne
1451;4,9;-47,0;6,8;5,07;Pozitivno;Ne
1452;3,5;-49,5;7,12;1,53;Negativno;Ne
1453;5,0;-45,4;6,66;3,46;Negativno;Ne
1454;10,8;-46,0;6,61;3,59;Negativno;Ne
1455;3,2;-29,1;6,1;2,14;Negativno;Ne
1456;8,8;-37,3;6,17;0,98;Negativno;Ne
1457;5,0;-27,2;7,44;1,99;Negativno;Ne
1458;3,7;-67,4;6,72;2,05;Negativno;Ne
1459;0,2;-44,9;7,43;4,83;Negativno;Ne
1460;1,4;-56,3;6,93;3,53;Negativno;Ne
1461;5,1;-67,7;7,71;5,51;Negativno;Ne
1462;14,4;-70,1;7,35;5,78;Negativno;Ne
1463;1,2;-31,6;7,03;0,19;Negativno;Ne
1464;1,3;-26,5;6,54;2,57;Negativno;Ne
1465;2,5;-38,6;7,2;0,73;Negativno;Ne
1466;11,2;-49,2;7,03;1,96;Negativno;Ne
1467;5,9;-47,3;7,21;4,48;Pozitivno;Ne
1468;6,4;-26,4;6,59;1,63;Negativno;Ne
1469;11,1;-14,8;7,54;7,269766867554388;Pozitivno;Da
1470;5,7;-63,6;6,96;3,52;Pozitivno;Ne
1471;1,3;-50,0;6,25;5,94;Negativno;Ne
1472;3,8;-23,0;7,39;2,0;Negativno;Ne
1473;1,8;-5,5;6,35;1,61;Negativno;Da
1474;5,4;-58,3;7,39;0,67;Negativno;Ne
1475;5,9;-48,6;6,68;1,86;Negativno;Ne
1476;14,2;-7,4;7,48;7,4997668675543885;Pozitivno;Da
1477;7,9;-29,9;7,05;5,51;Negativno;Ne
1478;13,8;-46,0;7,42;5,07;Negativno;Ne
1479;12,5;-55,0;6,59;5,51;Negativno;Ne
1480;5,8;-62,5;7,48;1,68;Negativno;Ne
1481;1,9;-52,9;7,04;0,6;Negativno;Ne
1482;3,5;-47,8;7,51;3,39;Negativno;Ne
1483;6,8;-64,8;6,5;2,97;Negativno;Ne
1484;7,2;-62,7;7,57;1,29;Negativno;Ne
1485;12,8;-40,8;7,38;4,93;Negativno;Ne
1486;6,8;-12,5;6,9;10,039766867554388;Pozitivno;Da
1487;6,5;-22,8;8,16;0,83;Negativno;Ne
1488;7,9;-57,2;7,44;5,71;Negativno;Ne
1489;13,4;-54,5;7,09;1,35;Negativno;Ne
1490;10,1;-14,8;7,76;9,045343075889022;Pozitivno;Da
1491;9,4;-47,6;7,26;3,7;Negativno;Ne
1492;0,5;-32,9;6,45;1,56;Negativno;Ne
1493;13,9;-49,1;7,17;2,26;Negativno;Ne
1494;13,9;-42,4;7,44;4,62;Negativno;Ne
1495;12,2;-57,0;6,94;1,18;Negativno;Ne
1496;12,8;-42,6;6,74;3,63;Pozitivno;Ne
1497;14,8;-63,5;7,11;2,8;Negativno;Ne
1498;1,1;-54,4;7,55;0,51;Negativno;Da
1499;0,2;-25,2;6,82;5,21;Negativno;Ne
1500;13,2;-18,4;7,83;4,63;Negativno;Ne
1501;5,3;-10,1;6,41;6,172707791080727;Pozitivno;Da
1502;7,5;-26,5;6,43;3,88;Negativno;Ne
1503;6,1;-65,0;6,5;0,58;Pozitivno;Ne
1504;5,5;-48,3;7,11;4,07;Negativno;Ne
1505;8,5;-45,8;7,32;5,88;Pozitivno;Ne
1506;8,9;-50,5;6,89;4,84;Negativno;Ne
1507;2,4;-57,7;7,51;2,96;Negativno;Ne
1508;5,3;-12,4;6,35;5,32;Negativno;Ne
1509;10,9;-51,6;7,09;1,0;Negativno;Ne
1510;2,6;-32,2;7,38;2,82;Negativno;Ne
1511;0,4;-62,0;7,07;3,63;Negativno;Ne
1512;2,5;-57,1;8,04;4,24;Negativno;Ne
1513;6,8;-49,9;8,02;0,77;Negativno;Ne
1514;6,8;-55,0;7,08;5,53;Negativno;Ne
1515;6,4;-44,1;7,44;3,23;Negativno;Ne
1516;14,7;-52,0;7,31;0,48;Negativno;Ne
1517;7,3;-48,9;7,94;2,17;Negativno;Ne
1518;12,3;-58,6;7,12;0,8;Negativno;Ne
1519;2,3;-47,1;7,54;3,54;Pozitivno;Ne
1520;9,5;-57,8;7,42;0,85;Negativno;Ne
1521;14,1;-75,5;6,73;5,84;Negativno;Ne
1522;7,4;-17,9;7,52;1,16;Negativno;Ne
1523;10,7;-54,5;7,55;3,11;Negativno;Ne
1524;8,0;-40,5;6,65;5,46;Negativno;Ne
1525;14,0;-94,8;7,35;1,67;Negativno;Ne
1526;12,6;-26,9;7,27;1,11;Negativno;Ne
1527;11,8;-69,5;8,16;2,7;Negativno;Ne
1528;5,9;-68,3;6,52;0,54;Negativno;Ne
1529;14,5;-63,5;7,7;2,3;Negativno;Ne
1530;2,1;-56,2;6,06;0,98;Negativno;Ne
1531;10,6;-48,0;6,62;0,76;Negativno;Ne
1532;5,8;-33,2;6,72;0,82;Negativno;Ne
1533;6,5;-37,5;7,16;0,32;Negativno;Ne
1534;5,9;-57,1;7,17;5,32;Negativno;Ne
1535;9,3;-53,7;6,74;1,74;Negativno;Ne
1536;2,9;-53,1;6,38;3,86;Negativno;Ne
1537;9,1;-43,2;6,26;0,43;Pozitivno;Ne
1538;11,4;-78,0;7,44;5,47;Negativno;Ne
1539;14,0;-40,4;6,71;0,78;Negativno;Ne
1540;9,3;-34,8;7,25;0,67;Negativno;Ne
1541;3,4;-44,9;7,49;2,55;Negativno;Ne
1542;3,0;-49,5;6,52;0,7;Negativno;Ne
1543;0,4;-30,6;7,83;3,53;Negativno;Ne
1544;1,5;-37,1;6,83;5,08;Negativno;Ne
1545;12,4;-53,9;6,98;0,27;Negativno;Ne
1546;6,2;-37,6;6,67;4,4;Pozitivno;Ne
1547;5,7;-53,3;6,6;4,58;Negativno;Ne
1548;10,7;-43,7;5,97;2,72;Pozitivno;Ne
1549;13,8;-62,1;7,49;3,93;Negativno;Ne
1550;4,7;-43,3;7,6;3,74;Negativno;Ne
1551;2,1;-71,3;8,21;4,09;Negativno;Ne
1552;13,0;-52,1;6,46;1,71;Negativno;Da
1553;6,7;-46,6;7,06;4,33;Negativno;Ne
1554;10,4;-76,0;7,36;3,94;Pozitivno;Da
1555;6,1;-49,5;6,1;1,57;Negativno;Ne
1556;13,1;-70,4;6,79;0,94;Negativno;Ne
1557;14,8;-61,1;7,08;3,22;Negativno;Ne
1558;14,4;-44,6;6,17;1,77;Negativno;Ne
1559;3,6;-36,4;6,47;1,16;Negativno;Ne
1560;12,6;-63,5;7,14;3,36;Negativno;Ne
1561;9,2;-11,4;7,54;5,919766867554388;Pozitivno;Da
1562;1,0;-55,5;6,5;4,05;Negativno;Ne
1563;12,6;-51,4;5,93;3,29;Negativno;Ne
1564;9,6;-34,0;6,25;4,76;Negativno;Ne
1565;2,2;-51,3;7,51;1,32;Negativno;Ne
1566;3,3;-55,0;6,12;1,98;Negativno;Ne
1567;11,4;-33,5;7,11;5,56;Negativno;Ne
1568;1,5;-36,8;6,27;4,3;Negativno;Ne
1569;4,7;-89,9;7,16;2,36;Negativno;Ne
1570;5,9;-5,7;7,24;3,92;Negativno;Ne
1571;2,4;-66,6;5,72;3,56;Negativno;Ne
1572;12,0;-65,8;7,06;5,35;Negativno;Ne
1573;9,7;-52,3;6,79;1,48;Negativno;Ne
1574;9,0;-29,3;7,35;2,26;Negativno;Ne
1575;2,5;-48,5;6,91;5,79;Negativno;Ne
1576;1,7;-61,3;7,1;0,61;Negativno;Ne
1577;8,0;-92,8;6,4;0,45;Negativno;Ne
1578;8,7;-63,6;7,68;0,47;Negativno;Ne
1579;1,8;-51,0;7,11;1,25;Negativno;Ne
1580;8,0;-33,6;6,87;5,77;Negativno;Ne
1581;7,9;-39,5;6,08;5,25;Negativno;Ne
1582;14,1;-53,4;7,44;2,65;Negativno;Ne
1583;5,6;-71,4;6,75;2,85;Negativno;Da
1584;13,0;-45,3;7,13;2,3;Pozitivno;Ne
1585;11,5;-65,4;7,0;3,58;Negativno;Ne
1586;3,2;-40,2;6,8;5,77;Negativno;Ne
1587;2,2;-52,1;7,53;5,24;Negativno;Ne
1588;5,2;-53,1;7,0;1,19;Negativno;Ne
1589;12,8;-28,1;6,36;3,79;Negativno;Ne
1590;5,6;-57,5;6,74;1,5;Negativno;Ne
1591;13,6;-40,4;7,04;4,84;Negativno;Ne
1592;2,0;-35,4;7,25;4,25;Pozitivno;Ne
1593;0,5;-39,2;7,28;4,15;Negativno;Ne
1594;0,9;-41,3;8,23;0,83;Negativno;Ne
1595;12,2;-66,7;6,67;4,42;Negativno;Ne
1596;14,2;-77,8;6,74;5,22;Negativno;Ne
1597;8,5;-60,0;6,99;5,67;Negativno;Ne
1598;0,4;-55,6;6,84;3,79;Negativno;Ne
1599;8,5;-54,6;6,88;4,58;Negativno;Ne
1600;0,4;-59,4;7,11;1,5;Pozitivno;Da
1601;7,5;-27,9;7,02;4,9;Negativno;Ne
1602;13,2;-41,1;7,27;5,93;Pozitivno;Ne
1603;4,8;-35,7;7,36;2,83;Negativno;Ne
1604;13,2;-62,1;6,95;4,5;Negativno;Ne
1605;7,7;-47,4;6,0;4,72;Negativno;Ne
1606;6,4;-32,1;6,76;2,6;Negativno;Ne
1607;10,2;-58,4;6,93;2,24;Negativno;Ne
1608;3,8;-35,0;7,18;0,66;Negativno;Ne
1609;12,7;-11,8;6,5;5,509766867554388;Pozitivno;Da
1610;3,0;-2,8;7,1;2,24;Negativno;Ne
1611;11,9;-40,2;7,33;1,15;Negativno;Ne
1612;11,1;-43,0;7,0;1,92;Negativno;Ne
1613;7,1;-32,9;6,11;3,5;Negativno;Ne
1614;11,2;-75,8;7,22;2,54;Negativno;Ne
1615;4,5;-58,0;7,45;0,6;Negativno;Ne
1616;0,2;-23,0;7,83;2,21;Negativno;Ne
1617;10,1;-89,5;6,66;4,43;Negativno;Ne
1618;2,2;-68,4;7,19;4,64;Negativno;Ne
1619;10,9;-42,0;7,93;5,62;Negativno;Ne
1620;12,7;-47,6;6,67;4,44;Negativno;Ne
1621;13,4;-39,8;7,53;5,93;Negativno;Ne
1622;13,1;-45,3;6,51;2,36;Negativno;Ne
1623;12,6;-45,5;7,14;4,75;Negativno;Ne
1624;1,0;-31,0;6,27;0,32;Negativno;Ne
1625;14,9;-33,4;7,2;3,36;Negativno;Ne
1626;6,2;-66,9;8,1;0,25;Negativno;Ne
1627;0,2;-42,9;6,95;5,51;Negativno;Ne
1628;3,7;-60,5;7,43;5,03;Pozitivno;Ne
1629;3,0;-49,6;7,36;2,25;Negativno;Ne
1630;7,4;-45,8;7,83;2,43;Negativno;Ne
1631;13,0;-38,3;6,97;0,56;Negativno;Ne
1632;6,7;-65,9;7,39;2,71;Negativno;Ne
1633;6,0;-51,6;6,26;0,14;Negativno;Ne
1634;1,8;-44,2;6,87;2,95;Negativno;Ne
1635;9,1;-24,6;7,17;1,81;Negativno;Ne
1636;2,7;-77,2;7,39;2,56;Negativno;Ne
1637;11,4;-43,1;5,9;3,0;Negativno;Ne
1638;7,4;-66,4;6,67;5,6;Negativno;Ne
1639;8,1;-46,7;6,67;2,98;Negativno;Ne
1640;9,4;-30,1;6,89;2,2;Negativno;Ne
1641;7,7;-46,9;7,19;3,18;Negativno;Ne
1642;8,9;-55,6;7,65;4,87;Negativno;Ne
1643;13,4;-40,0;7,3;3,21;Negativno;Ne
1644;2,3;-71,7;7,29;2,3;Negativno;Ne
1645;12,4;-5,4;7,26;5,0327077910807265;Pozitivno;Da
1646;8,7;-61,4;7,15;0,75;Negativno;Ne
1647;4,6;-58,2;7,08;0,42;Negativno;Ne
1648;6,3;-33,0;7,82;2,12;Negativno;Ne
1649;11,2;-53,1;6,28;3,51;Negativno;Ne
1650;11,4;-60,6;6,78;1,21;Negativno;Ne
1651;0,2;-56,0;7,14;5,16;Negativno;Ne
1652;12,3;-39,3;6,38;4,77;Negativno;Ne
1653;12,0;-37,3;6,71;2,7;Negativno;Ne
1654;9,4;-50,9;7,02;0,42;Negativno;Ne
1655;8,7;-48,7;7,22;2,67;Negativno;Ne
1656;1,8;-35,7;6,75;2,65;Negativno;Ne
1657;2,1;-51,4;7,22;2,15;Negativno;Ne
1658;13,7;-80,4;7,42;4,09;Negativno;Ne
1659;3,7;-43,1;7,47;2,68;Negativno;Ne
1660;10,5;-29,0;7,21;0,49;Pozitivno;Ne
1661;5,9;-60,6;7,0;5,24;Negativno;Ne
1662;9,6;-69,4;6,72;2,06;Negativno;Ne
1663;4,8;-38,4;7,32;5,47;Negativno;Ne
1664;13,6;-42,2;5,58;1,95;Negativno;Ne
1665;1,2;-50,6;6,85;5,31;Negativno;Ne
1666;11,4;-37,2;7,33;5,16;Negativno;Ne
1667;8,8;-26,7;6,33;1,61;Negativno;Ne
1668;9,0;-63,2;7,39;0,81;Negativno;Ne
1669;1,8;-31,0;6,48;0,66;Negativno;Ne
1670;2,2;-73,3;7,52;2,82;Negativno;Ne
1671;4,4;-64,0;7,11;2,6;Negativno;Da
1672;14,9;-48,8;7,48;2,32;Negativno;Ne
1673;0,9;-46,4;6,84;1,67;Negativno;Ne
1674;8,1;-30,0;6,67;4,27;Negativno;Ne
1675;13,1;-50,9;6,77;1,3;Negativno;Ne
1676;7,0;-61,5;7,56;2,58;Negativno;Ne
1677;12,3;-37,7;6,4;5,94;Negativno;Ne
1678;7,8;-53,1;7,14;5,02;Negativno;Ne
1679;2,0;-37,5;6,47;3,23;Negativno;Da
1680;1,3;-41,0;7,31;2,84;Pozitivno;Ne
1681;11,0;-6,6;7,52;6,722707791080727;Pozitivno;Da
1682;9,7;-63,4;6,64;0,36;Negativno;Ne
1683;9,4;-31,6;7,6;5,13;Pozitivno;Ne
1684;8,6;-58,2;6,71;4,48;Negativno;Ne
1685;8,4;-47,4;7,79;4,8;Negativno;Ne
1686;7,3;-57,2;7,05;0,12;Negativno;Ne
1687;9,2;-61,9;6,6;0,43;Negativno;Ne
1688;4,6;-21,1;6,66;5,18;Pozitivno;Ne
1689;9,6;-36,4;6,86;2,17;Negativno;Ne
1690;12,4;-37,3;6,82;5,35;Negativno;Ne
1691;9,5;-9,4;7,19;5,299766867554388;Pozitivno;Da
1692;1,5;-56,0;7,02;4,59;Negativno;Ne
1693;11,1;-42,1;6,91;4,07;Negativno;Ne
1694;0,5;-41,7;7,19;4,31;Negativno;Ne
1695;9,5;-57,4;7,28;3,07;Negativno;Ne
1696;9,4;-42,6;7,15;4,86;Negativno;Ne
1697;3,0;-30,8;7,28;0,82;Negativno;Da
1698;11,0;-41,0;7,3;4,11;Negativno;Ne
1699;12,3;-52,4;7,17;3,68;Negativno;Ne
1700;2,7;-32,2;6,76;2,91;Negativno;Ne
1701;10,0;-56,2;7,23;3,68;Negativno;Ne
1702;9,6;-45,9;6,87;1,39;Negativno;Ne
1703;2,9;-96,9;6,96;0,23;Negativno;Ne
1704;10,9;-65,1;6,69;3,67;Negativno;Ne
1705;12,7;-37,6;7,06;2,71;Negativno;Ne
1706;8,0;-53,3;7,01;2,68;Negativno;Ne
1707;9,7;-59,6;7,21;1,69;Negativno;Ne
1708;3,2;-33,8;6,15;0,35;Negativno;Ne
1709;14,5;-31,1;6,3;5,52;Negativno;Ne
1710;12,1;150,0;-2,0;5,9;Pozitivno;Ne
1711;12,0;-48,1;7,16;4,09;Negativno;Ne
1712;10,0;-41,9;7,05;1,12;Negativno;Ne
1713;11,4;-56,3;8,31;4,95;Negativno;Ne
1714;6,6;-50,9;7,19;1,65;Negativno;Ne
1715;6,2;-33,3;6,81;4,11;Negativno;Ne
1716;11,2;-48,9;7,94;3,2;Negativno;Ne
1717;13,0;-52,3;6,96;4,94;Negativno;Ne
1718;12,2;-71,0;6,7;2,2;Negativno;Ne
1719;14,1;-53,4;6,23;5,68;Negativno;Ne
1720;5,7;-46,5;6,81;1,56;Pozitivno;Ne
1721;6,2;-41,8;8,2;2,52;Negativno;Ne
1722;14,7;-33,7;7,6;4,82;Negativno;Ne
1723;4,8;-87,5;7,4;3,27;Negativno;Ne
1724;13,6;-66,8;6,14;4,62;Negativno;Ne
1725;5,1;-38,8;6,76;3,15;Negativno;Ne
1726;4,9;-35,1;6,74;5,73;Negativno;Ne
1727;5,7;-69,6;6,79;1,65;Negativno;Ne
1728;10,0;-51,0;6,6;0,53;Negativno;Ne
1729;1,1;-47,0;6,88;5,31;Pozitivno;Ne
1730;7,3;-65,2;7,14;5,99;Pozitivno;Ne
1731;5,8;-56,4;6,7;4,78;Negativno;Ne
1732;8,0;-54,5;6,91;2,87;Negativno;Ne
1733;5,3;-17,2;6,35;3,32;Negativno;Ne
1734;4,4;-60,8;6,95;5,39;Negativno;Ne
1735;9,6;-51,0;7,06;2,82;Negativno;Ne
1736;1,4;-39,4;7,34;5,96;Negativno;Ne
1737;5,7;-43,5;7,17;3,67;Negativno;Ne
1738;5,2;-60,7;6,47;0,12;Negativno;Ne
1739;8,7;-65,4;7,72;3,76;Negativno;Ne
1740;13,0;-59,0;7,41;3,27;Pozitivno;Ne
1741;4,4;-48,5;7,14;1,51;Negativno;Ne
1742;8,7;-14,8;6,34;9,169766867554388;Pozitivno;Da
1743;8,2;-37,6;7,11;5,72;Negativno;Ne
1744;1,3;-53,3;6,96;0,35;Negativno;Ne
1745;2,2;-50,9;7,08;4,46;Negativno;Ne
1746;13,1;-34,3;8,14;4,09;Negativno;Ne
1747;0,8;-84,5;6,75;0,49;Negativno;Ne
1748;12,6;-41,4;7,33;4,73;Negativno;Ne
1749;8,5;-55,2;7,46;1,91;Negativno;Ne
1750;2,4;-47,7;6,53;5,66;Negativno;Ne
1751;12,7;-49,7;6,6;2,61;Negativno;Ne
1752;2,6;-55,5;6,98;2,63;Negativno;Ne
1753;9,1;-40,5;7,51;3,53;Negativno;Ne
1754;14,7;-20,1;6,7;1,12;Negativno;Ne
1755;14,5;-54,3;6,76;1,26;Negativno;Ne
1756;9,5;-27,1;7,1;3,76;Negativno;Ne
1757;11,2;-48,4;6,24;3,64;Negativno;Ne
1758;2,3;-48,7;6,68;5,18;Negativno;Ne
1759;11,4;-34,2;7,35;2,34;Negativno;Ne
1760;12,2;-43,4;6,92;3,86;Negativno;Ne
1761;2,1;-44,4;6,93;1,71;Negativno;Ne
1762;8,4;-63,2;7,56;2,18;Negativno;Ne
1763;6,3;-52,5;6,09;2,17;Negativno;Ne
1764;1,2;-16,4;6,94;9,312707791080726;Pozitivno;Da
1765;2,6;-33,7;6,18;3,57;Negativno;Ne
1766;6,7;-32,7;7,79;3,34;Negativno;Ne
1767;9,5;-59,7;6,81;0,21;Negativno;Ne
1768;10,9;-44,5;6,47;5,6;Negativno;Ne
1769;8,5;-79,2;7,34;1,54;Negativno;Ne
1770;14,3;-64,6;6,48;0,65;Negativno;Ne
1771;1,6;-49,4;7,15;2,05;Negativno;Ne
1772;13,8;-47,3;6,71;4,77;Negativno;Ne
1773;11,3;-64,1;7,42;5,49;Negativno;Ne
1774;2,2;-84,9;7,07;5,67;Negativno;Ne
1775;2,1;-11,8;6,69;0,36;Negativno;Da
1776;5,7;-36,2;7,28;4,51;Negativno;Ne
1777;9,1;-18,5;7,27;0,95;Pozitivno;Ne
1778;4,8;-37,7;6,92;1,61;Negativno;Ne
1779;14,6;-64,2;7,15;1,75;Negativno;Ne
1780;2,6;-59,7;6,58;0,23;Negativno;Ne
1781;12,0;-70,1;6,83;3,3;Negativno;Ne
1782;9,0;-48,3;7,04;3,59;Pozitivno;Ne
1783;3,6;-83,3;6,99;3,63;Negativno;Ne
1784;5,2;-41,9;7,39;0,3;Negativno;Ne
1785;14,8;-42,3;8,53;4,97;Negativno;Ne
1786;14,2;-52,2;7,49;2,7;Negativno;Ne
1787;0,3;-48,5;6,68;3,83;Negativno;Ne
1788;5,1;-47,0;7,37;5,8;Negativno;Ne
1789;9,3;-36,1;7,12;3,65;Negativno;Ne
1790;13,9;-53,0;7,81;0,97;Negativno;Ne
1791;4,7;-40,2;6,98;3,79;Negativno;Ne
1792;14,4;-43,6;7,24;5,17;Pozitivno;Ne
1793;1,1;-11,9;7,0;2,71;Negativno;Ne
1794;12,2;-31,5;7,6;1,5;Negativno;Da
1795;7,4;-65,8;7,12;3,17;Negativno;Ne
1796;1,1;-70,3;6,89;4,98;Negativno;Ne
1797;3,1;-54,0;7,87;2,18;Negativno;Ne
1798;12,6;-56,8;7,33;4,02;Negativno;Ne
1799;3,7;-17,8;6,61;9,242707791080727;Pozitivno;Da
1800;2,8;-42,5;7,05;4,68;Pozitivno;Ne
1801;7,8;-20,3;6,0;3,38;Negativno;Ne
1802;4,8;-36,0;7,38;4,49;Negativno;Ne
1803;10,1;-79,6;6,27;1,54;Negativno;Ne
1804;9,2;-42,0;7,27;5,65;Negativno;Ne
1805;14,1;-43,2;7,12;5,51;Negativno;Ne
1806;10,5;-56,0;7,29;1,32;Negativno;Ne
1807;6,1;-60,9;7,15;3,12;Negativno;Ne
1808;6,2;-77,2;7,03;3,73;Negativno;Ne
1809;12,4;-31,3;7,09;2,82;Negativno;Da
1810;3,7;-29,5;6,8;5,56;Negativno;Ne
1811;6,2;-71,1;7,61;2,09;Pozitivno;Ne
1812;3,0;-36,1;7,46;0,49;Negativno;Ne
1813;3,1;-32,6;6,29;4,5;Negativno;Da
1814;7,4;-46,9;6,61;3,97;Negativno;Ne
1815;10,0;-78,7;6,58;2,18;Negativno;Ne
1816;5,3;-39,6;6,37;5,26;Negativno;Ne
1817;12,4;-48,8;8,1;5,74;Negativno;Ne
1818;4,5;-67,8;7,55;4,0;Negativno;Ne
1819;2,1;-59,5;7,61;3,62;Negativno;Ne
1820;9,8;-49,7;7,22;3,6;Negativno;Ne
1821;11,4;-35,9;6,66;5,92;Negativno;Ne
1822;1,0;-50,4;6,96;5,2;Negativno;Ne
1823;11,1;-33,0;7,87;0,9;Negativno;Ne
1824;2,7;-33,6;6,58;0,32;Negativno;Ne
1825;1,9;-74,8;6,78;5,41;Negativno;Ne
1826;4,4;-38,7;7,59;1,31;Pozitivno;Ne
1827;13,6;-73,4;7,42;5,81;Pozitivno;Ne
1828;3,7;-67,5;7,31;0,71;Negativno;Ne
1829;13,6;-24,5;6,52;1,32;Negativno;Da
1830;1,8;-41,7;8,13;3,86;Negativno;Ne
1831;13,4;-51,5;7,97;5,48;Negativno;Ne
1832;0,8;-41,9;6,96;5,95;Negativno;Ne
1833;6,9;-55,0;7,09;5,77;Negativno;Ne
1834;10,9;-36,1;6,38;2,74;Pozitivno;Ne
1835;2,9;-62,7;7,41;4,52;Negativno;Ne
1836;11,5;-50,0;6,54;4,78;Negativno;Ne
1837;3,4;-34,2;7,03;0,26;Negativno;Ne
1838;8,7;-9,0;6,13;7,359766867554389;Pozitivno;Da
1839;4,7;-47,5;7,69;4,38;Negativno;Ne
1840;14,3;-42,1;6,62;0,34;Negativno;Ne
1841;3,9;-22,8;6,64;4,92;Negativno;Ne
1842;5,7;-51,0;6,94;1,67;Negativno;Ne
1843;3,8;-56,0;7,96;0,95;Negativno;Ne
1844;5,3;-52,6;7,77;1,89;Negativno;Ne
1845;7,6;-43,6;7,66;4,45;Negativno;Ne
1846;4,3;-64,3;6,54;4,96;Negativno;Ne
1847;3,4;-50,3;6,63;4,31;Negativno;Ne
1848;11,2;-47,7;6,35;3,49;Negativno;Ne
1849;7,8;-40,8;7,96;3,74;Negativno;Ne
1850;2,9;-62,6;7,01;1,15;Negativno;Ne
1851;8,4;-70,9;7,13;4,08;Negativno;Ne
1852;14,8;-50,8;6,87;0,64;Negativno;Ne
1853;7,3;-68,7;7,15;5,82;Negativno;Ne
1854;12,0;-34,0;7,42;4,04;Pozitivno;Ne
1855;3,8;-47,9;7,09;0,2;Negativno;Ne
1856;14,1;-50,3;6,31;0,48;Negativno;Ne
1857;6,1;-29,3;7,15;1,24;Negativno;Ne
1858;11,8;-52,9;7,17;0,72;Negativno;Ne
1859;7,1;-35,6;7,27;5,0;Negativno;Ne
1860;5,5;-71,0;7,79;2,45;Negativno;Ne
1861;1,3;-36,8;7,72;4,57;Negativno;Ne
1862;12,7;-33,3;6,58;1,95;Negativno;Ne
1863;13,5;-56,7;7,41;2,93;Negativno;Ne
1864;3,0;-55,7;7,08;2,32;Negativno;Ne
1865;15,0;-50,7;6,74;1,75;Negativno;Ne
1866;4,1;-46,6;6,87;2,19;Negativno;Ne
1867;6,0;-36,1;7,1;2,0;Pozitivno;Ne
1868;2,8;-32,7;7,84;3,2;Negativno;Ne
1869;9,9;-45,2;6,8;1,63;Negativno;Ne
1870;4,5;-36,5;6,64;3,51;Negativno;Ne
1871;12,5;-53,9;6,49;4,63;Negativno;Ne
1872;13,3;-66,6;6,98;2,99;Pozitivno;Ne
1873;12,2;-74,3;7,35;4,77;Negativno;Ne
1874;7,7;-72,5;7,18;0,93;Negativno;Ne
1875;4,4;-48,4;6,85;4,29;Negativno;Ne
1876;11,7;-57,7;5,66;0,51;Negativno;Ne
1877;12,2;-50,1;6,46;0,9;Negativno;Ne
1878;14,6;-58,2;6,71;4,09;Negativno;Ne
1879;6,1;-73,2;7,0;5,58;Negativno;Ne
1880;8,6;-64,0;7,06;2,12;Negativno;Ne
1881;10,9;-44,2;6,92;3,54;Negativno;Ne
1882;4,4;-31,8;6,8;4,63;Negativno;Ne
1883;8,9;-31,1;7,19;0,33;Negativno;Da
1884;10,8;-54,4;7,34;2,3;Negativno;Ne
1885;8,0;-47,5;7,39;2,95;Negativno;Ne
1886;8,4;-49,6;6,85;5,43;Negativno;Ne
1887;1,2;-50,7;7,27;1,37;Negativno;Ne
1888;4,2;-59,9;6,88;2,48;Negativno;Ne
1889;9,4;-66,7;7,15;1,33;Negativno;Da
1890;0,1;-64,8;7,32;0,96;Pozitivno;Ne
1891;7,4;-75,2;6,6;0,37;Negativno;Ne
1892;5,2;-61,2;6,47;3,06;Negativno;Ne
1893;14,5;-66,5;6,77;2,14;Negativno;Ne
1894;7,0;-50,0;7,12;4,11;Negativno;Ne
1895;11,0;-56,0;7,24;3,72;Negativno;Ne
1896;0,1;-18,4;7,92;8,062707791080726;Pozitivno;Da
1897;12,4;-66,1;7,17;4,5;Negativno;Ne
1898;0,6;-60,7;7,57;1,22;Negativno;Ne
1899;1,3;-39,0;7,09;2,89;Negativno;Ne
1900;6,9;-49,9;6,22;0,49;Negativno;Ne
1901;14,4;-35,8;7,47;1,99;Negativno;Ne
1902;13,7;-71,0;7,3;5,64;Negativno;Ne
1903;1,9;-44,7;6,35;0,35;Negativno;Ne
1904;5,2;-46,9;6,94;1,55;Negativno;Ne
1905;4,9;-15,3;6,76;3,0;Negativno;Ne
1906;14,3;-54,4;6,93;2,64;Negativno;Ne
1907;3,6;-35,1;7,48;5,73;Negativno;Ne
1908;11,7;-67,5;6,54;5,21;Negativno;Ne
1909;12,4;-66,0;6,39;5,29;Negativno;Ne
1910;6,3;-7,0;6,27;5,059766867554389;Pozitivno;Da
1911;11,0;-72,1;7,5;2,13;Negativno;Ne
1912;5,8;-13,5;6,39;7,242707791080727;Pozitivno;Da
1913;10,6;-83,1;6,77;1,58;Negativno;Ne
1914;8,8;-8,5;7,19;6,792707791080727;Pozitivno;Da
1915;1,7;-66,1;7,83;3,56;Negativno;Ne
1916;7,7;-61,1;7,64;4,92;Negativno;Ne
1917;14,7;-50,1;6,85;2,99;Negativno;Ne
1918;5,4;-57,2;6,82;2,61;Negativno;Ne
1919;3,2;-51,8;6,17;0,75;Negativno;Ne
1920;3,8;-50,1;6,51;3,03;Negativno;Ne
1921;5,7;-47,3;7,97;1,32;Pozitivno;Ne
1922;2,0;-20,1;5,66;2,28;Negativno;Ne
1923;8,6;-55,3;6,99;3,76;Negativno;Ne
1924;4,7;-52,1;7,32;2,05;Negativno;Ne
1925;1,7;-51,1;7,26;3,63;Negativno;Ne
1926;13,8;-41,2;7,64;4,75;Negativno;Ne
1927;13,1;-63,1;6,75;1,81;Negativno;Ne
1928;11,8;-42,7;7,3;5,11;Negativno;Ne
1929;2,2;-41,2;6,92;4,16;Negativno;Ne
1930;4,2;-48,6;7,47;4,43;Negativno;Ne
1931;12,5;-54,0;6,39;0,56;Negativno;Ne
1932;7,3;-33,7;6,1;2,26;Negativno;Ne
1933;14,1;-74,7;6,97;0,46;Negativno;Ne
1934;1,5;-51,5;6,25;1,53;Negativno;Ne
1935;14,8;-76,3;6,94;5,12;Negativno;Ne
1936;7,2;-49,3;7,3;0,34;Negativno;Ne
1937;2,8;-52,0;7,47;2,43;Negativno;Ne
1938;2,7;-48,4;6,89;3,99;Negativno;Ne
1939;4,9;-60,2;7,12;2,56;Negativno;Ne
1940;14,1;-50,0;6,77;2,62;Negativno;Ne
1941;11,7;150,0;-2,0;2,59;Pozitivno;Ne
1942;12,7;-65,6;7,32;4,13;Negativno;Ne
1943;1,8;-47,7;6,31;4,28;Pozitivno;Ne
1944;14,0;-44,5;6,9;2,32;Negativno;Ne
1945;3,1;-67,4;6,87;2,51;Negativno;Ne
1946;7,0;-51,9;6,62;0,95;Negativno;Ne
1947;15,0;-77,6;5,8;1,98;Negativno;Ne
1948;11,8;-35,7;6,86;4,5;Negativno;Ne
1949;14,6;-47,8;7,81;3,89;Negativno;Ne
1950;7,6;-33,1;7,18;4,94;Negativno;Ne
1951;8,8;-54,3;7,5;5,02;Negativno;Ne
1952;8,1;-31,4;7,41;2,23;Negativno;Ne
1953;6,0;-62,8;6,97;3,09;Negativno;Ne
1954;13,6;-61,5;7,18;0,77;Negativno;Ne
1955;10,1;-64,7;6,94;5,62;Negativno;Ne
1956;12,2;-27,8;7,16;4,91;Negativno;Ne
1957;6,1;-26,1;6,65;5,45;Negativno;Ne
1958;13,1;-53,2;6,37;2,64;Pozitivno;Ne
1959;11,6;-35,7;6,38;5,27;Pozitivno;Ne
1960;14,6;-85,7;6,36;0,78;Negativno;Ne
1961;2,8;-49,6;7,76;5,83;Negativno;Ne
1962;4,0;-38,6;7,23;5,19;Negativno;Ne
1963;7,8;-65,8;6,45;3,74;Pozitivno;Ne
1964;10,6;-57,7;6,48;5,81;Negativno;Ne
1965;8,3;-69,6;7,38;3,32;Negativno;Da
1966;7,2;-42,5;7,46;1,82;Negativno;Ne
1967;0,6;-53,3;7,05;2,65;Negativno;Ne
1968;12,2;-59,8;6,82;2,52;Negativno;Ne
1969;11,6;-43,6;7,27;2,73;Negativno;Ne
1970;14,5;-54,8;6,87;1,38;Negativno;Ne
1971;8,9;-43,4;7,22;5,07;Negativno;Ne
1972;13,8;-48,1;6,78;0,53;Negativno;Ne
1973;0,3;-42,1;7,13;5,01;Negativno;Ne
1974;6,3;-92,8;6,59;3,12;Negativno;Ne
1975;4,5;-55,0;7,19;3,99;Negativno;Ne
1976;4,4;-27,0;6,77;3,87;Pozitivno;Ne
1977;4,1;-5,2;6,87;0,32;Negativno;Ne
1978;12,9;-49,3;7,74;5,66;Negativno;Ne
1979;2,0;-76,0;7,3;4,45;Pozitivno;Da
1980;9,1;-43,6;7,06;4,64;Negativno;Da
1981;12,8;-59,4;7,19;4,16;Negativno;Ne
1982;6,2;-42,6;5,77;5,88;Negativno;Ne
1983;6,8;-58,9;6,73;1,0;Negativno;Ne
1984;14,0;-52,5;7,09;5,12;Negativno;Ne
1985;11,5;-40,6;6,68;5,73;Negativno;Ne
1986;10,1;-45,0;7,4;0,68;Negativno;Ne
1987;3,0;-39,6;6,8;4,98;Negativno;Ne
1988;13,6;-52,1;7,13;3,59;Negativno;Ne
1989;14,9;-46,2;6,85;1,24;Negativno;Ne
1990;14,1;-64,0;6,63;3,4;Negativno;Ne
1991;7,8;-68,2;6,51;2,76;Negativno;Ne
1992;11,7;-80,1;6,47;5,94;Negativno;Ne
1993;0,4;-41,4;7,48;4,77;Negativno;Ne
1994;8,3;-8,4;7,48;6,612707791080727;Pozitivno;Da
1995;0,8;-76,0;6,88;2,66;Negativno;Ne
1996;11,7;-25,6;6,4;0,54;Pozitivno;Ne
1997;7,3;-85,4;7,52;1,4;Negativno;Ne
1998;10,1;-50,7;7,68;3,38;Negativno;Da
1999;13,6;-62,8;7,11;1,62;Negativno;Ne
2000;1,6;-37,5;6,9;1,79;Negativno;Ne
